Trace ID,Batch Size
A10018,2
A10082,2
A10092,2
A10097,2
A10104,2
A10107,2
A10125,2
A10137,2
A10143,2
A10194,2
A10235,2
A10289,2
A10332,2
A10393,2
A10458,2
A10479,2
A10490,2
A10515,2
A10533,2
A1055,2
A10604,2
A10607,2
A10624,2
A10651,2
A10738,2
A10757,2
A1076,2
A10850,2
A10928,2
A1097,2
A10971,2
A11037,2
A11053,2
A11096,2
A11107,2
A1111,2
A11119,2
A11126,2
A11182,2
A11184,2
A11192,2
A11195,2
A11196,2
A11201,2
A11240,2
A11247,2
A1131,2
A11357,2
A11386,2
A11387,2
A11461,2
A11487,2
A11535,2
A11538,2
A11560,2
A1165,2
A11691,2
A11707,2
A11708,2
A11712,2
A11734,2
A11737,2
A11741,2
A11750,2
A11766,2
A11767,2
A11779,2
A11887,2
A11888,2
A11982,2
A11983,2
A12003,2
A12115,2
A12159,2
A12181,2
A12192,2
A12210,2
A12244,2
A12255,2
A12292,2
A12336,2
A12432,2
A12498,2
A12532,2
A12549,2
A12586,2
A12628,2
A12636,2
A12644,2
A12660,2
A12677,2
A1273,2
A1276,2
A12814,2
A12822,2
A12823,2
A12845,2
A1286,2
A12890,2
A12956,2
A12990,2
A13003,2
A13021,2
A1303,2
A13036,2
A13040,2
A13078,2
A13296,2
A13539,2
A13625,2
A13632,2
A13680,2
A1369,2
A1377,2
A13873,2
A13902,2
A13950,2
A13986,2
A14005,2
A14063,2
A14160,2
A14165,2
A14167,2
A14191,2
A14194,2
A14246,2
A14308,2
A14405,2
A14414,2
A14461,2
A14473,2
A14475,2
A1448,2
A1449,2
A1460,2
A14665,2
A14681,2
A14691,2
A1474,2
A14758,2
A14802,2
A14804,2
A14814,2
A14867,2
A14869,2
A14887,2
A14889,2
A14896,2
A14897,2
A14944,2
A15031,2
A15038,2
A15061,2
A15076,2
A15134,2
A15145,2
A15182,2
A15224,2
A15293,2
A15379,2
A15380,2
A15435,2
A15449,2
A15455,2
A155,2
A15501,2
A15601,2
A15651,2
A15686,2
A1570,2
A15742,2
A15757,2
A15762,2
A15786,2
A15819,2
A15856,2
A15867,2
A15894,2
A15950,2
A16058,2
A1606,2
A1608,2
A16088,2
A16123,2
A16128,2
A1613,2
A16149,2
A16210,2
A16212,2
A16319,2
A16348,2
A16427,2
A16450,2
A16496,2
A16509,2
A16544,2
A16572,2
A16688,2
A16701,2
A16820,2
A16867,2
A16919,2
A16982,2
A17056,2
A17115,2
A1719,2
A17214,2
A17220,2
A17243,2
A17337,2
A17442,2
A17545,2
A17613,2
A17627,2
A17663,2
A17691,2
A17692,2
A17695,2
A17723,2
A17753,2
A17766,2
A17791,2
A17793,2
A17921,2
A17984,2
A1802,2
A18175,2
A18194,2
A18212,2
A18279,2
A18314,2
A18397,2
A18402,2
A18441,2
A18464,2
A1854,2
A1855,2
A18568,2
A18640,2
A18646,2
A18692,2
A18704,2
A1880,2
A18832,2
A18839,2
A18935,2
A18937,2
A18944,2
A18945,2
A18946,2
A18948,2
A19043,2
A19069,2
A19097,2
A19112,2
A19122,2
A1914,2
A19167,2
A1917,2
A19306,2
A19342,2
A19460,2
A19501,2
A19556,2
A19705,2
A19733,2
A19780,2
A19790,2
A19865,2
A19877,2
A19938,2
A20062,2
A20075,2
A20107,2
A20114,3
A20119,2
A20142,2
A20145,2
A20220,2
A20279,2
A20330,2
A20413,2
A20460,2
A20555,2
A20557,2
A20593,2
A20622,2
A2063,2
A20647,2
A20823,2
A2089,2
A20892,2
A2091,2
A20946,2
A2096,2
A21060,2
A21095,2
A21216,2
A21387,2
A21397,2
A2140,2
A2142,2
A21548,2
A21560,2
A21568,2
A21584,2
A21597,2
A21630,2
A21637,2
A21693,2
A21826,2
A21851,2
A21954,2
A221,2
A22164,2
A22205,2
A22251,2
A22254,2
A22291,2
A22293,2
A22302,2
A2231,2
A22464,2
A22478,2
A22494,2
A225,2
A22501,2
A22502,2
A22528,2
A22603,2
A22646,2
A22650,2
A22668,2
A22677,2
A22688,2
A2269,2
A2273,2
A22767,2
A22768,2
A22818,2
A22868,2
A22877,2
A22928,2
A22934,2
A22951,2
A22969,2
A2298,2
A22996,2
A22997,2
A23010,2
A23012,2
A23087,2
A23093,2
A2314,2
A23169,2
A23173,2
A2320,2
A23299,2
A23317,2
A23344,2
A23390,2
A23426,2
A23432,2
A23464,2
A23478,2
A23553,2
A23556,2
A23557,2
A23575,2
A23621,2
A23647,2
A23676,2
A23684,2
A2373,2
A23737,2
A23738,2
A23748,2
A238,2
A23820,2
A23825,2
A23859,2
A23895,2
A23898,2
A23900,2
A23942,2
A23978,2
A23994,2
A24037,2
A24067,2
A24068,2
A24076,2
A24087,2
A24097,2
A241,2
A24123,2
A2414,2
A24165,2
A2419,2
A24203,2
A2427,2
A24283,2
A24285,2
A24318,2
A24329,2
A24351,2
A24368,2
A24370,2
A24375,2
A24378,2
A24406,2
A24412,2
A24475,2
A24587,2
A24630,2
A24696,2
A24741,2
A24862,2
A24908,2
A24967,2
A25037,2
A25060,2
A25116,2
A2512,2
A25139,2
A2514,2
A25144,2
A2515,2
A25182,2
A25381,2
A25391,2
A25432,2
A25437,2
A25466,2
A25476,2
A25492,2
A2551,2
A25529,2
A25533,2
A2562,2
A25624,2
A25627,2
A25683,2
A25696,2
A25737,2
A25758,2
A25764,2
A25844,2
A25845,2
A25903,2
A25928,2
A2607,2
A26071,2
A26082,2
A2609,2
A2610,2
A26123,2
A26177,2
A26183,2
A26188,2
A26201,2
A26226,2
A26271,2
A26348,2
A2645,2
A26451,2
A26459,2
A26472,2
A26476,2
A26502,2
A26513,2
A2657,2
A26618,2
A26626,2
A26673,2
A26718,2
A26721,2
A26745,2
A26752,2
A26773,2
A26896,2
A26914,2
A26922,2
A26956,2
A26965,2
A26973,2
A27025,2
A27036,2
A27058,2
A27064,2
A27160,2
A27162,2
A27166,2
A27196,2
A27227,2
A27228,2
A27234,2
A27240,2
A27245,2
A27247,2
A27367,2
A2744,2
A27512,2
A27561,2
A27574,2
A27625,2
A27650,2
A2766,2
A27708,2
A27729,2
A27737,2
A27741,2
A27873,2
A27884,2
A27901,2
A2794,2
A2795,2
A27954,2
A27992,2
A28013,2
A28036,2
A2806,2
A28062,2
A2807,2
A28073,2
A28103,2
A28131,2
A28150,2
A28196,2
A28215,2
A28240,2
A28267,2
A2827,2
A28283,2
A28297,2
A28306,2
A28331,2
A28364,2
A28367,2
A28383,2
A28391,2
A2840,2
A28406,2
A28459,2
A28474,2
A28543,2
A28578,2
A28613,2
A28640,2
A28650,2
A28666,2
A28747,2
A28753,2
A28772,2
A28780,2
A28804,2
A28815,2
A28838,2
A28867,2
A28869,2
A28967,2
A29099,2
A2910,2
A29158,2
A29202,2
A2921,2
A29253,2
A29294,2
A29363,2
A29412,2
A29427,2
A29447,2
A29464,2
A29468,2
A29479,2
A29561,2
A29619,2
A29641,2
A2968,2
A29709,2
A29715,2
A29748,2
A29799,2
A29951,2
A30019,2
A30033,2
A30034,2
A30251,2
A30291,2
A30313,2
A30427,2
A30521,2
A3056,2
A30564,2
A30644,2
A30718,2
A3072,2
A30729,2
A30867,2
A30891,2
A30940,2
A31086,2
A31098,2
A31169,2
A31197,2
A31222,2
A31226,2
A31250,2
A31357,2
A31502,2
A31580,2
A31661,2
A31676,2
A31736,2
A3176,2
A31796,2
A31828,2
A32013,2
A32084,2
A32102,2
A32118,2
A32196,2
A32234,2
A32248,2
A3225,2
A32465,2
A32541,2
A32551,2
A32571,2
A32581,2
A32632,2
A32727,2
A33156,2
A3325,2
A3331,2
A33366,2
A33400,2
A33408,2
A33460,2
A3364,2
A33657,2
A33675,2
A3370,2
A33739,2
A33828,2
A33878,2
A33955,2
A34027,2
A3404,2
A34062,2
A3412,2
A34129,2
A34169,2
A34339,2
A34512,2
A34529,2
A34547,2
A34677,2
A34704,2
A34763,2
A3479,2
A34827,2
A34878,2
A34882,2
A34885,2
A34892,2
A34894,2
A3492,2
A34936,2
A34960,2
A35079,2
A35102,2
A35127,2
A35154,2
A35161,2
A35247,2
A35267,2
A3533,2
A35376,2
A3538,2
A35427,2
A35432,2
A35447,2
A35450,2
A35619,2
A35684,2
A3569,2
A35802,2
A35811,2
A35821,2
A35826,2
A35855,2
A35900,2
A35997,2
A36030,2
A36153,2
A36176,2
A36203,2
A36206,2
A36245,2
A36370,2
A36383,2
A3649,2
A36527,2
A36540,2
A36555,2
A36587,2
A36733,2
A36734,2
A36751,2
A36868,2
A36951,2
A36964,2
A36971,2
A36978,2
A36987,2
A3699,2
A36995,2
A371,2
A37145,2
A37153,2
A37166,2
A37202,2
A37285,2
A37294,2
A37330,2
A37361,2
A37401,2
A37462,2
A37537,2
A37539,2
A37549,2
A37609,2
A3762,2
A37716,2
A37729,2
A37798,2
A37810,2
A37814,2
A37816,2
A37890,2
A379,2
A37965,2
A3797,2
A38053,2
A38055,2
A38085,2
A38148,2
A3818,2
A38186,2
A38191,2
A38194,2
A3821,2
A38364,2
A38385,2
A38476,2
A38521,2
A38544,2
A3856,2
A38610,2
A3868,2
A38734,2
A38754,2
A38798,2
A38856,2
A38957,2
A38976,2
A39087,2
A39093,2
A39095,2
A39129,2
A39207,2
A39222,2
A39290,2
A39353,2
A39355,2
A39356,2
A39358,2
A39372,2
A39407,2
A39516,2
A39533,2
A39569,2
A39570,2
A39605,2
A39656,2
A39729,2
A39740,2
A39778,2
A39794,2
A39829,2
A39950,2
A40020,2
A40023,2
A40076,2
A40087,2
A4012,2
A40157,2
A40165,2
A40207,2
A4022,2
A40232,2
A40246,2
A40284,2
A40290,2
A40294,2
A40315,2
A40331,2
A40343,2
A40344,2
A40357,2
A4037,2
A40392,2
A40403,2
A40415,2
A40456,2
A40484,2
A4053,2
A40537,2
A40587,2
A40598,2
A40614,2
A40638,2
A40710,2
A40732,2
A40757,2
A40758,2
A40811,2
A40827,2
A4084,2
A40858,2
A40864,2
A40867,2
A40889,2
A4090,2
A40967,2
A4099,2
A40997,2
A41052,2
A41059,2
A41075,2
A4108,2
A41145,2
A41153,2
A41222,2
A41261,2
A41367,2
A41546,2
A41625,2
A41639,2
A41727,2
A41761,2
A41782,2
A41837,2
A41842,2
A41845,2
A41860,2
A41866,2
A41881,2
A41901,2
A41906,2
A41941,2
A41974,2
A42119,2
A42141,2
A4217,2
A42202,2
A42275,2
A42280,2
A4230,2
A42369,2
A42428,2
A42479,2
A42487,2
A42498,2
A42505,2
A42579,2
A42759,2
A42817,2
A42863,2
A4288,2
A42927,2
A43021,2
A4310,2
A43105,2
A43156,2
A43158,2
A43180,2
A4324,2
A43249,2
A43254,2
A43304,2
A43306,2
A43348,2
A43393,2
A43395,2
A4343,2
A43436,2
A43448,2
A43471,2
A4354,2
A43678,2
A43715,2
A43752,2
A43755,2
A43802,2
A43847,2
A43888,2
A43976,2
A43995,2
A44115,2
A44160,2
A44195,2
A44210,2
A44463,2
A44551,2
A44576,2
A44651,2
A44880,2
A44956,2
A44958,2
A44967,2
A4500,2
A45005,2
A45056,2
A45058,2
A45080,2
A45232,2
A45308,2
A4534,2
A45374,2
A45429,2
A45440,2
A45472,2
A45547,2
A45550,2
A4557,2
A45596,2
A4563,2
A45862,2
A4587,2
A45880,2
A45894,2
A45895,2
A45966,2
A46143,2
A4617,2
A46268,2
A46275,2
A4630,2
A4637,2
A46477,2
A4654,2
A4659,2
A46654,2
A46763,2
A46796,2
A46821,2
A4693,2
A4746,2
A4754,2
A4788,2
A4831,2
A4838,2
A4855,2
A4912,2
A4913,2
A4928,2
A5014,2
A5037,2
A5047,2
A5055,2
A5111,2
A5218,2
A5251,2
A5255,2
A5263,2
A5290,2
A5296,2
A5300,2
A5375,2
A5447,2
A5477,2
A548,2
A5522,2
A5559,2
A5560,2
A5576,2
A5611,2
A5624,2
A5643,2
A5705,2
A5727,2
A5732,2
A5760,2
A5808,2
A5835,2
A5866,2
A5885,2
A5902,2
A5905,2
A5938,2
A594,2
A595,2
A6030,2
A610,2
A6115,2
A6153,2
A6155,2
A6187,2
A6192,2
A6219,2
A6241,2
A6264,2
A6275,2
A6318,2
A6353,2
A6375,2
A6377,2
A6394,2
A6559,2
A6562,2
A658,2
A6585,2
A6590,2
A663,2
A6655,2
A6686,2
A6726,2
A6822,2
A6823,2
A6825,2
A6837,2
A6952,2
A6977,2
A6993,2
A7051,2
A7075,2
A7081,2
A710,2
A7165,2
A7221,2
A7241,2
A7306,2
A7311,2
A7324,2
A7327,2
A7349,2
A7381,2
A7406,2
A7418,2
A7435,2
A7466,2
A7484,2
A7605,2
A7619,2
A7620,2
A7627,2
A7650,2
A7652,2
A7654,2
A7693,2
A7696,2
A7743,2
A7753,2
A7779,2
A7817,2
A7871,2
A7899,2
A791,2
A7968,2
A7996,2
A8102,2
A8134,2
A8166,2
A8193,2
A8235,2
A8323,2
A8353,2
A8364,2
A8387,2
A8497,2
A8508,2
A8541,2
A8556,2
A8559,2
A8573,2
A8578,2
A8581,2
A8644,2
A8733,2
A8790,2
A8825,2
A8846,2
A8854,2
A8871,2
A8899,2
A8912,2
A8920,2
A9005,2
A9009,2
A9033,2
A9053,2
A9055,2
A9064,2
A9065,2
A9150,2
A9163,2
A9195,2
A9322,2
A9353,2
A9354,2
A937,2
A94,2
A9414,2
A9416,2
A9427,2
A9448,2
A9464,2
A9575,2
A960,2
A9601,2
A9618,2
A9623,2
A966,2
A9753,2
A980,2
A9882,2
A9888,2
A9949,2
A9977,2
A9983,2
C10130,2
C10158,3
C10159,3
C10160,3
C10187,3
C10190,3
C10191,3
C10193,3
C10194,3
C10197,3
C10201,3
C10310,3
C10311,3
C10317,3
C10320,2
C10393,3
C10394,3
C10440,3
C10441,3
C10442,3
C10443,3
C10444,3
C10445,3
C10446,3
C10454,3
C10460,3
C10463,3
C10465,3
C10470,3
C10471,3
C10483,3
C10488,2
C10519,3
C10539,2
C10540,3
C10542,3
C10543,3
C10544,3
C10546,3
C10546,2
C10558,3
C10586,3
C10589,3
C10590,3
C10601,2
C10602,2
C10604,2
C10605,3
C10607,3
C10763,3
C10794,3
C10798,3
C10808,3
C10811,3
C10822,3
C10825,3
C10837,3
C10838,3
C10850,3
C10852,3
C10864,3
C10866,3
C10875,3
C10876,3
C10877,3
C10880,3
C10882,3
C10906,3
C10918,3
C10919,3
C10925,3
C10937,3
C10940,3
C10941,3
C10944,3
C10950,3
C10955,3
C10959,3
C10968,3
C10970,3
C10981,3
C10984,3
C10987,3
C10996,3
C11012,3
C11017,3
C11029,3
C11032,3
C11036,3
C11048,3
C11063,3
C11064,3
C11073,3
C11074,3
C11077,3
C11091,3
C11092,3
C11093,3
C11105,3
C11107,3
C11108,3
C11114,3
C11117,3
C11122,3
C11124,3
C11126,3
C11134,3
C11137,3
C11139,3
C11142,3
C11145,3
C11146,3
C11147,3
C11148,3
C11157,3
C11180,3
C11186,3
C11195,3
C11198,3
C11199,3
C11204,3
C11212,3
C11218,3
C11233,3
C11238,3
C11279,3
C11288,3
C11298,3
C11360,3
C11362,3
C11374,3
C11386,3
C11387,3
C11394,3
C11407,3
C11423,3
C11426,3
C11435,3
C11442,3
C11473,3
C11512,3
C11515,3
C11531,3
C11539,3
C11559,3
C11562,3
C11571,3
C11579,3
C11585,2
C11605,3
C11622,3
C11636,3
C11641,3
C11652,3
C11663,3
C11669,3
C11690,3
C11692,3
C11694,3
C11701,3
C11704,3
C11705,3
C11716,3
C11719,3
C11732,3
C11743,3
C11746,3
C11747,3
C11755,3
C11769,3
C11770,3
C11772,3
C11773,3
C11774,3
C11791,3
C11802,3
C11813,3
C11820,3
C11821,3
C11835,3
C11840,3
C11846,3
C11856,3
C11865,3
C11867,3
C11875,3
C11878,3
C11886,3
C11890,3
C11894,3
C11897,3
C11910,3
C11915,3
C11923,3
C11925,3
C11928,3
C11941,2
C11942,3
C11948,3
C11993,3
C11997,3
C12006,3
C12007,3
C12020,3
C12027,3
C12036,3
C12042,3
C12059,3
C12063,3
C12065,3
C12069,3
C12078,3
C12084,3
C12085,3
C12088,3
C12100,3
C12103,3
C12109,3
C12124,3
C12131,3
C12134,3
C12136,3
C12138,3
C12143,3
C12157,3
C12160,3
C12169,3
C12171,3
C12173,3
C12176,3
C12177,3
C12179,3
C12181,3
C12182,3
C12183,3
C12184,3
C12188,3
C12190,3
C12204,3
C12210,3
C12217,3
C12224,3
C12228,3
C12229,3
C12232,3
C12237,3
C12243,3
C12247,3
C12248,3
C12250,3
C12252,3
C12258,3
C12271,2
C12290,3
C12295,3
C12296,3
C12300,3
C12309,3
C12316,3
C12319,3
C12320,3
C12326,3
C12329,3
C12330,3
C12332,2
C12338,3
C12341,3
C12342,3
C12357,3
C12366,3
C12369,3
C12392,3
C12393,3
C12397,2
C12411,3
C12418,2
C12419,3
C12421,3
C12422,3
C12425,3
C12426,3
C12428,3
C12431,2
C12439,3
C12445,3
C12449,3
C12451,3
C12460,3
C12463,3
C12466,3
C12471,3
C12495,3
C12516,3
C12520,3
C12527,3
C12534,3
C12543,3
C12550,3
C12551,3
C12554,3
C12560,3
C12568,3
C12578,3
C12590,3
C12594,3
C12600,3
C12602,3
C12605,3
C12606,3
C12607,3
C12608,3
C12610,3
C12625,3
C12632,3
C12644,3
C12661,3
C12667,3
C12670,3
C12700,3
C12705,3
C12718,3
C12719,3
C12721,3
C12722,3
C12723,3
C12728,3
C12740,3
C12741,3
C12743,3
C12746,3
C12747,3
C12748,3
C12749,3
C12755,3
C12772,3
C12773,3
C12776,3
C12781,3
C12782,3
C12788,3
C12804,3
C12817,3
C12824,3
C12828,3
C12830,3
C12831,3
C12838,3
C12845,3
C12846,3
C12856,3
C12859,3
C12860,3
C12861,3
C12887,3
C12896,3
C12899,3
C12905,2
C12906,3
C12907,3
C12908,3
C12910,3
C12912,3
C12916,3
C12918,3
C12919,3
C12920,3
C12922,3
C12923,3
C12930,3
C12938,3
C12943,2
C12950,3
C12952,3
C12954,3
C12966,3
C12967,3
C12968,3
C12972,3
C12977,2
C12982,3
C12983,3
C13002,3
C13002,2
C13007,3
C13011,2
C13013,2
C13019,2
C13038,3
C13039,3
C13040,3
C13054,2
C13055,2
C13056,2
C13062,3
C13068,3
C13069,3
C13069,2
C13073,3
C13075,3
C13076,3
C13078,3
C13088,3
C13088,2
C13101,3
C13104,3
C13107,3
C13110,3
C13111,3
C13129,3
C13132,3
C13133,3
C13134,3
C13155,3
C13155,2
C13157,3
C13162,3
C13164,3
C13171,3
C13172,3
C13184,3
C13187,3
C13193,3
C13198,3
C13199,3
C13200,3
C13201,3
C13203,3
C13204,3
C13205,3
C13208,3
C13210,3
C13212,3
C13214,3
C13215,3
C13221,3
C13223,3
C13224,3
C13227,3
C13227,2
C13237,3
C13242,3
C13247,3
C13249,3
C13251,3
C13253,3
C13257,3
C13267,3
C13269,3
C13269,2
C13279,3
C13287,3
C13295,3
C13296,3
C13297,3
C13298,3
C13299,3
C13302,3
C13311,3
C13312,3
C13321,3
C13325,3
C13327,2
C13328,3
C13332,3
C13336,3
C13337,3
C13341,3
C13342,3
C13344,3
C13345,3
C13346,3
C13348,3
C13357,3
C13358,3
C13366,3
C13369,3
C13373,2
C13377,3
C13382,3
C13385,3
C13389,3
C13394,3
C13395,3
C13396,3
C13398,3
C13403,3
C13403,2
C13410,3
C13416,3
C13416,2
C13421,2
C13431,3
C13435,3
C13436,3
C13438,3
C13443,3
C13443,2
C13447,3
C13469,3
C13472,3
C13476,3
C13478,3
C13480,3
C13483,2
C13484,3
C13487,3
C13488,3
C13505,3
C13510,3
C13517,3
C13521,3
C13525,3
C13529,3
C13536,3
C13540,3
C13545,3
C13545,2
C13546,3
C13554,3
C13557,3
C13561,3
C13564,3
C13566,3
C13567,3
C13569,3
C13569,2
C13574,3
C13576,3
C13577,3
C13581,3
C13582,3
C13584,3
C13587,3
C13593,3
C13597,3
C13603,3
C13606,3
C13607,3
C13617,3
C13618,3
C13621,3
C13623,2
C13624,3
C13634,3
C13636,3
C13638,3
C13642,3
C13643,3
C13644,3
C13645,3
C13648,3
C13648,2
C13650,3
C13652,3
C13653,3
C13653,2
C13654,3
C13656,3
C13658,3
C13660,3
C13661,3
C13662,3
C13666,3
C13667,3
C13669,3
C13670,3
C13675,3
C13676,3
C13682,3
C13683,3
C13683,2
C13684,3
C13687,3
C13688,3
C13691,3
C13692,3
C13699,3
C13700,3
C13701,3
C13707,3
C13714,3
C13716,3
C13719,3
C13722,3
C13731,3
C13733,3
C13735,3
C13739,3
C13743,3
C13750,3
C13764,3
C13768,3
C13769,3
C13770,3
C13773,3
C13773,2
C13776,3
C13788,3
C13791,3
C13799,3
C13803,3
C13813,3
C13817,3
C13821,3
C13822,3
C13824,3
C13830,3
C13836,3
C13841,3
C13845,3
C13845,2
C13849,3
C13857,3
C13860,3
C13862,3
C13866,3
C13870,3
C13876,3
C13892,3
C13893,3
C13896,2
C13897,3
C13897,2
C13901,3
C13908,3
C13910,3
C13911,3
C13913,3
C13915,3
C13919,3
C13920,3
C13924,3
C13928,3
C13930,3
C13931,3
C13932,3
C13934,3
C13935,3
C13940,3
C13954,3
C13957,3
C13959,3
C13962,3
C13964,3
C13966,3
C13967,3
C13973,3
C13975,3
C13979,3
C13980,3
C13981,3
C13987,3
C13988,3
C13993,3
C14000,3
C14003,3
C14004,3
C14009,3
C14009,2
C14023,3
C14032,3
C14046,3
C14047,3
C14050,3
C14063,3
C14064,3
C14068,3
C14068,2
C14069,2
C14072,3
C14073,3
C14077,3
C14087,3
C14088,3
C14089,3
C14089,2
C14090,3
C14097,3
C14098,3
C14100,3
C14101,3
C14104,3
C14105,3
C14105,2
C14106,3
C14106,2
C14107,3
C14112,3
C14118,3
C14134,3
C14136,3
C14137,3
C14137,2
C14140,3
C14141,3
C14148,3
C14152,3
C14153,3
C14153,2
C14154,3
C14154,2
C14159,3
C14160,2
C14161,3
C14162,3
C14166,3
C14168,3
C14172,3
C14181,3
C14182,3
C14183,3
C14200,3
C14205,3
C14211,3
C14213,3
C14215,3
C14220,3
C14226,3
C14240,3
C14248,3
C14249,3
C14257,3
C14260,3
C14275,3
C14277,3
C14281,3
C14283,3
C14290,3
C14293,3
C14297,3
C14300,3
C14302,3
C14306,3
C14307,3
C14310,3
C14322,3
C14322,2
C14323,3
C14343,3
C14357,3
C14358,3
C14365,2
C14368,3
C14379,3
C14380,3
C14384,3
C14388,3
C14400,3
C14402,3
C14407,3
C14420,3
C14421,3
C14424,3
C14427,3
C14431,3
C14433,3
C14434,3
C14439,3
C14445,3
C14446,3
C14447,3
C14450,3
C14458,3
C14468,3
C14473,3
C14474,3
C14477,3
C14482,2
C14490,3
C14494,3
C14495,3
C14498,3
C14514,3
C14518,3
C14519,3
C14528,3
C14529,3
C14530,3
C14532,3
C14533,3
C14542,3
C14553,3
C14559,3
C14561,3
C14562,3
C14565,3
C14575,3
C14581,3
C14582,3
C14583,3
C14584,3
C14585,3
C14586,3
C14588,3
C14589,3
C14591,3
C14592,3
C14593,3
C14605,3
C14606,2
C14614,3
C14616,3
C14625,3
C14626,3
C14646,3
C14648,3
C14654,3
C14658,3
C14661,3
C14661,2
C14663,3
C14675,3
C14676,3
C14679,3
C14681,2
C14685,3
C14688,3
C14689,3
C14691,3
C14692,3
C14695,3
C14698,3
C14707,3
C14712,3
C14713,3
C14714,3
C14717,3
C14720,3
C14721,3
C14722,3
C14724,3
C14737,3
C14739,3
C14768,3
C14771,3
C14774,3
C14776,3
C14777,3
C14779,3
C14781,3
C14786,3
C14790,3
C14794,3
C14800,3
C14801,3
C14804,3
C14816,3
C14823,3
C14830,3
C14841,3
C14845,3
C14858,3
C14883,3
C14884,3
C14884,2
C14889,3
C14892,3
C14894,3
C14898,3
C14903,3
C14908,3
C14914,3
C14917,3
C14922,3
C14923,3
C14924,3
C14928,3
C14938,3
C14940,3
C14942,3
C14943,3
C14945,3
C14945,2
C14949,3
C14951,3
C14953,3
C14960,3
C14966,3
C14976,3
C14976,2
C14978,3
C14980,3
C14981,3
C14993,3
C14994,3
C14995,3
C14996,3
C14999,3
C15000,3
C15000,2
C15002,3
C15016,3
C15022,3
C15024,3
C15025,3
C15028,2
C15030,3
C15033,3
C15036,3
C15037,3
C15038,3
C15039,3
C15047,3
C15051,2
C15062,3
C15063,3
C15064,3
C15066,3
C15070,3
C15072,2
C15073,3
C15074,3
C15077,3
C15078,3
C15079,3
C15079,2
C15085,3
C15088,3
C15089,3
C15091,3
C15092,3
C15094,3
C15099,3
C15100,3
C15101,3
C15107,3
C15110,3
C15112,3
C15113,3
C15116,2
C15117,2
C15120,3
C15122,3
C15127,3
C15128,3
C15156,3
C15157,3
C15160,3
C15162,3
C15163,3
C15169,3
C15170,3
C15170,2
C15171,3
C15179,3
C15194,3
C15195,3
C15195,2
C15200,3
C15201,3
C15209,3
C15214,3
C15220,3
C15227,3
C15232,3
C15233,3
C15235,3
C15258,3
C15265,2
C15269,3
C15270,3
C15274,3
C15277,3
C15279,3
C15283,2
C15287,3
C15288,3
C15289,3
C15292,3
C15293,3
C15299,3
C15308,3
C15310,2
C15312,3
C15314,3
C15319,3
C15328,3
C15330,3
C15335,3
C15337,3
C15341,3
C15341,2
C15342,3
C15343,3
C15347,3
C15351,3
C15353,3
C15356,3
C15361,3
C15367,3
C15369,3
C15373,3
C15377,3
C15388,3
C15413,3
C15416,3
C15417,3
C15418,3
C15419,3
C15420,3
C15430,3
C15432,3
C15435,3
C15439,3
C15440,3
C15440,2
C15441,3
C15445,3
C15451,3
C15461,3
C15471,3
C15472,3
C15475,3
C15485,3
C15490,3
C15492,3
C15499,3
C15502,3
C15505,3
C15506,3
C15507,3
C15517,3
C15520,3
C15522,3
C15531,3
C15532,3
C15532,2
C15533,3
C15535,3
C15543,3
C15547,3
C15548,3
C15551,3
C15554,3
C15560,3
C15562,3
C15570,3
C15575,3
C15583,3
C15595,3
C15603,3
C15604,3
C15605,3
C15614,3
C15625,3
C15634,3
C15642,3
C15642,2
C15643,3
C15646,3
C15647,3
C15648,3
C15650,3
C15659,3
C15683,3
C15686,3
C15688,3
C15689,3
C15691,3
C15693,3
C15695,3
C15707,3
C15727,3
C15730,3
C15731,3
C15732,3
C15745,3
C15745,2
C15747,3
C15749,3
C15757,3
C15766,3
C15766,2
C15786,3
C15795,3
C15797,3
C15798,3
C15814,3
C15821,3
C15821,2
C15827,2
C15829,2
C15833,3
C15836,3
C15837,3
C15840,3
C15843,3
C15847,3
C15850,3
C15853,3
C15855,3
C15857,3
C15858,3
C15862,3
C15864,2
C15879,3
C15886,3
C15892,3
C15894,3
C15896,3
C15903,3
C15904,3
C15905,2
C15908,3
C15909,3
C15912,3
C15914,3
C15927,3
C15930,3
C15935,3
C15939,3
C15950,3
C15958,3
C15963,3
C15965,3
C15971,3
C15972,3
C15974,3
C15994,2
C15995,2
C16014,3
C16017,3
C16018,3
C16023,3
C16041,3
C16045,3
C16050,3
C16054,3
C16075,3
C16076,2
C16079,2
C16082,3
C16083,3
C16086,3
C16090,3
C16106,2
C16115,3
C16120,3
C16121,3
C16121,2
C16123,3
C16126,3
C16129,3
C16131,3
C16140,2
C16143,2
C16146,3
C16152,3
C16160,3
C16163,3
C16167,3
C16169,3
C16183,3
C16184,3
C16186,3
C16190,3
C16194,3
C16194,2
C16202,2
C16214,2
C16215,3
C16231,3
C16232,3
C16234,3
C16235,3
C16242,3
C16244,3
C16245,3
C16246,3
C16246,2
C16252,3
C16255,3
C16258,3
C16264,3
C16265,3
C16266,3
C16267,3
C16270,3
C16272,3
C16274,3
C16277,3
C16278,3
C16286,2
C16288,3
C16294,3
C16297,2
C16298,2
C16299,2
C16300,2
C16302,2
C16305,3
C16307,3
C16307,2
C16308,3
C16309,3
C16312,3
C16321,3
C16322,3
C16336,2
C16337,2
C16340,3
C16342,3
C16346,3
C16347,3
C16350,2
C16351,2
C16353,3
C16354,3
C16354,2
C16358,3
C16364,3
C16365,3
C16366,3
C16367,3
C16368,3
C16369,3
C16400,3
C16403,2
C16423,3
C16431,3
C16433,3
C16443,3
C16454,3
C16455,3
C16462,2
C16464,3
C16478,3
C16481,3
C16487,3
C16492,3
C16495,3
C16505,3
C16521,3
C16522,3
C16526,3
C16527,3
C16531,3
C16537,3
C16548,3
C16549,3
C16550,3
C16558,3
C16564,3
C16573,3
C16574,3
C16577,3
C16588,3
C16591,3
C16593,3
C16597,3
C16599,3
C16600,3
C16602,3
C16609,3
C16619,3
C16632,3
C16638,3
C16640,3
C16642,3
C16646,3
C16647,3
C16651,3
C16652,3
C16664,3
C16665,3
C16668,3
C16669,3
C16670,3
C16672,3
C16676,3
C16686,3
C16687,3
C16690,3
C16693,3
C16694,3
C16695,3
C16697,3
C16699,3
C16708,3
C16709,3
C16712,3
C16714,3
C16719,3
C16725,3
C16733,3
C16733,2
C16739,3
C16744,3
C16756,3
C16760,3
C16764,3
C16768,3
C16769,3
C16770,3
C16779,3
C16780,3
C16796,3
C16799,3
C16801,3
C16804,3
C16809,3
C16809,2
C16812,3
C16822,3
C16823,3
C16825,3
C16829,3
C16830,3
C16842,3
C16843,3
C16851,3
C16857,3
C16859,3
C16861,3
C16863,3
C16864,3
C16865,3
C16870,3
C16874,3
C16875,3
C16880,3
C16881,3
C16883,3
C16885,3
C16891,3
C16901,3
C16906,3
C16914,3
C16916,2
C16923,3
C16926,3
C16927,3
C16929,3
C16944,3
C16946,2
C16948,2
C16949,2
C16950,3
C16955,3
C16956,3
C16960,3
C16964,3
C16967,3
C16974,3
C16976,3
C16977,3
C16983,3
C16987,3
C16992,3
C16992,2
C16993,3
C16999,3
C17002,3
C17005,3
C17006,3
C17007,3
C17008,3
C17009,3
C17012,3
C17014,3
C17015,3
C17021,2
C17028,3
C17031,3
C17047,3
C17054,2
C17055,3
C17057,3
C17062,3
C17075,3
C17078,3
C17086,3
C17093,3
C17093,2
C17097,3
C17106,3
C17109,3
C17110,3
C17111,2
C17114,3
C17123,3
C17128,3
C17131,3
C17139,3
C17145,3
C17146,3
C17153,3
C17162,3
C17165,3
C17166,3
C17167,3
C17170,3
C17173,3
C17176,3
C17178,3
C17181,3
C17186,3
C17193,3
C17195,3
C17213,3
C17217,3
C17219,3
C17233,3
C17234,3
C17238,3
C17238,2
C17240,3
C17241,3
C17242,3
C17262,3
C17264,3
C17266,3
C17267,3
C17269,2
C17274,3
C17276,3
C17281,3
C17289,3
C17291,2
C17292,3
C17293,3
C17294,3
C17295,3
C17297,3
C17305,3
C17322,3
C17326,3
C17327,3
C17328,3
C17329,3
C17332,3
C17338,3
C17339,3
C17340,3
C17341,3
C17344,2
C17345,3
C17361,3
C17367,3
C17367,2
C17373,3
C17380,3
C17381,3
C17385,3
C17392,2
C17393,3
C17396,3
C17405,3
C17408,2
C17412,3
C17413,3
C17423,3
C17423,2
C17427,3
C17435,3
C17436,3
C17444,3
C17447,3
C17452,3
C17454,3
C17455,3
C17459,3
C17461,3
C17462,3
C17471,3
C17475,3
C17482,3
C17483,3
C17484,3
C17505,3
C17505,2
C17508,3
C17510,3
C17511,3
C17513,3
C17514,3
C17517,3
C17518,3
C17520,2
C17521,3
C17522,3
C17523,3
C17532,3
C17533,3
C17542,3
C17548,3
C17552,2
C17558,3
C17563,2
C17581,3
C17581,2
C17582,3
C17583,3
C17584,3
C17594,3
C17600,3
C17601,3
C17602,3
C17605,3
C17607,3
C17608,3
C17609,3
C17614,3
C17619,3
C17624,3
C17630,3
C17647,3
C17650,3
C17654,3
C17655,2
C17657,3
C17660,3
C17664,3
C17691,3
C17692,3
C17699,3
C17704,3
C17708,3
C17713,3
C17717,3
C17722,3
C17725,2
C17726,2
C17727,3
C17729,3
C17730,3
C17735,2
C17736,2
C17740,2
C17741,2
C17742,3
C17745,3
C17768,3
C17769,3
C17770,3
C17771,3
C17774,3
C17776,3
C17777,3
C17781,3
C17783,3
C17790,3
C17792,3
C17798,3
C17799,3
C17800,3
C17801,3
C17803,3
C17810,3
C17811,3
C17813,3
C17816,3
C17820,3
C17821,3
C17823,3
C17824,3
C17828,3
C17829,3
C17832,3
C17834,3
C17835,2
C17837,3
C17838,3
C17850,2
C17853,3
C17856,3
C17858,3
C17862,3
C17864,2
C17869,3
C17870,3
C17871,3
C17873,3
C17891,3
C17900,3
C17904,3
C17905,3
C17907,2
C17911,3
C17913,3
C17916,3
C17918,2
C17919,3
C17920,3
C17926,3
C17927,3
C17930,3
C17937,3
C17938,3
C17939,3
C17942,3
C17944,3
C17945,3
C17946,3
C17948,3
C17949,3
C17956,3
C17962,3
C17965,3
C17971,3
C17971,2
C17972,3
C17980,3
C17981,3
C17982,3
C17983,3
C17984,3
C17985,3
C17987,3
C17991,3
C17992,3
C18009,3
C18012,3
C18014,3
C18019,3
C18027,2
C18028,3
C18030,3
C18032,3
C18033,3
C18034,3
C18039,3
C18041,3
C18044,3
C18045,3
C18048,3
C18049,3
C18050,3
C18055,3
C18056,3
C18064,3
C18067,3
C18068,3
C18069,3
C18070,3
C18071,3
C18072,3
C18075,3
C18079,3
C18080,3
C18086,3
C18087,3
C18090,3
C18097,3
C18104,3
C18104,2
C18106,3
C18107,3
C18116,2
C18117,2
C18118,3
C18131,3
C18132,3
C18137,3
C18138,3
C18139,3
C18140,3
C18141,3
C18146,3
C18147,3
C18148,3
C18150,2
C18151,3
C18153,2
C18156,3
C18162,3
C18163,3
C18163,2
C18164,3
C18166,3
C18167,3
C18168,3
C18169,3
C18170,2
C18171,2
C18172,3
C18174,2
C18179,3
C18184,3
C18187,3
C18189,3
C18191,3
C18192,3
C18193,3
C18194,3
C18197,3
C18199,3
C18200,3
C18201,3
C18208,3
C18208,2
C18209,3
C18210,3
C18212,3
C18213,3
C18217,3
C18218,2
C18222,3
C18225,3
C18229,3
C18232,3
C18233,3
C18235,3
C18236,3
C18241,3
C18242,3
C18246,3
C18247,3
C18248,3
C18257,3
C18263,3
C18267,3
C18269,3
C18270,3
C18271,2
C18282,3
C18299,3
C18301,3
C18301,2
C18302,3
C18307,3
C18310,3
C18311,3
C18312,3
C18317,3
C18323,3
C18337,3
C18342,3
C18345,3
C18347,3
C18348,3
C18351,3
C18352,3
C18353,3
C18358,3
C18360,3
C18370,3
C18378,3
C18379,3
C18388,3
C18394,3
C18409,3
C18411,3
C18412,3
C18413,3
C18415,3
C18417,3
C18423,3
C18427,3
C18428,3
C18432,3
C18434,2
C18438,3
C18439,3
C18440,3
C18442,3
C18445,3
C18449,3
C18451,3
C18457,3
C18458,3
C18460,3
C18465,3
C18478,3
C18480,3
C18481,3
C18482,3
C18484,3
C18485,3
C18486,3
C18487,3
C18489,3
C18490,3
C18492,3
C18502,3
C18504,3
C18505,3
C18505,2
C18509,3
C18510,3
C18511,3
C18511,2
C18512,3
C18512,2
C18513,3
C18513,2
C18514,3
C18514,2
C18516,3
C18518,3
C18519,3
C18522,3
C18523,3
C18525,3
C18526,3
C18527,3
C18532,3
C18533,3
C18535,3
C18536,3
C18537,3
C18549,3
C18552,3
C18554,3
C18557,3
C18559,3
C18564,3
C18566,3
C18567,3
C18569,3
C18576,3
C18578,3
C18583,3
C18585,3
C18594,3
C18597,3
C18598,2
C18604,3
C18609,3
C18610,3
C18615,3
C18616,3
C18619,3
C18620,3
C18623,3
C18624,3
C18625,3
C18626,3
C18628,3
C18628,2
C18629,3
C18629,2
C18630,3
C18630,2
C18631,3
C18631,2
C18632,3
C18633,2
C18634,3
C18635,2
C18641,3
C18642,3
C18648,3
C18651,2
C18654,3
C18655,3
C18662,3
C18667,3
C18670,3
C18677,3
C18678,3
C18679,3
C18680,3
C18684,3
C18685,3
C18687,3
C18695,3
C18696,3
C18702,3
C18704,3
C18704,2
C18706,3
C18706,2
C18710,3
C18711,3
C18715,3
C18717,3
C18718,3
C18719,3
C18729,3
C18730,3
C18730,2
C18731,3
C18732,3
C18735,3
C18737,3
C18737,2
C18739,3
C18739,2
C18748,3
C18753,3
C18754,3
C18755,3
C18756,3
C18757,3
C18758,3
C18759,3
C18765,3
C18772,2
C18775,2
C18775,2
C18777,3
C18777,2
C18778,3
C18793,3
C18797,3
C18802,3
C18803,3
C18807,3
C18817,2
C18820,3
C18821,3
C18825,3
C18826,3
C18827,3
C18828,3
C18829,3
C18836,3
C18837,3
C18838,3
C18838,2
C18843,2
C18845,2
C18848,3
C18848,2
C18849,3
C18850,3
C18851,3
C18855,3
C18859,3
C18862,3
C18867,3
C18872,3
C18875,3
C18878,2
C18882,3
C18883,3
C18884,3
C18885,3
C18900,3
C18902,3
C18905,3
C18910,3
C18918,3
C18919,3
C18924,3
C18927,3
C18928,3
C18929,3
C18930,3
C18931,3
C18932,3
C18933,3
C18934,3
C18937,3
C18954,2
C18959,3
C18966,3
C18967,3
C18967,2
C18968,3
C18968,2
C18969,3
C18970,2
C18972,3
C18978,3
C18982,3
C18985,2
C18988,3
C18989,3
C18995,3
C18996,3
C19001,3
C19009,3
C19019,3
C19020,3
C19021,3
C19026,3
C19027,3
C19028,3
C19033,3
C19039,3
C19040,3
C19042,3
C19043,3
C19046,3
C19047,3
C19048,3
C19054,3
C19056,3
C19057,3
C19060,2
C19061,3
C19065,3
C19067,3
C19072,3
C19073,3
C19080,3
C19082,3
C19086,3
C19088,3
C19089,3
C19090,3
C19091,2
C19092,3
C19094,3
C19096,3
C19097,3
C19098,3
C19102,2
C19105,3
C19108,2
C19109,2
C19113,3
C19114,3
C19116,2
C19120,3
C19125,3
C19128,3
C19129,3
C19133,3
C19137,3
C19143,3
C19152,3
C19160,3
C19161,3
C19164,3
C19165,3
C19166,2
C19167,3
C19170,3
C19173,3
C19175,3
C19181,3
C19182,3
C19183,3
C19184,3
C19189,3
C19191,3
C19194,2
C19200,3
C19202,3
C19203,3
C19205,2
C19209,3
C19211,3
C19212,3
C19213,3
C19216,2
C19217,3
C19218,3
C19224,3
C19225,3
C19233,3
C19240,3
C19241,3
C19250,3
C19254,2
C19262,2
C19265,3
C19267,3
C19272,3
C19286,3
C19286,2
C19287,3
C19297,3
C19301,3
C19306,3
C19306,2
C19307,3
C19314,3
C19318,3
C19319,3
C19323,3
C19324,2
C19327,3
C19328,3
C19331,3
C19332,3
C19333,3
C19334,3
C19335,3
C19337,3
C19339,3
C19340,3
C19344,2
C19347,3
C19349,3
C19351,3
C19353,3
C19354,3
C19359,3
C19360,3
C19369,3
C19370,3
C19371,3
C19376,3
C19387,3
C19388,3
C19393,3
C19407,3
C19413,3
C19420,3
C19427,3
C19427,2
C19434,3
C19438,3
C19439,3
C19441,3
C19446,3
C19447,3
C19448,3
C19449,3
C19451,3
C19454,3
C19455,3
C19456,3
C19460,3
C19473,3
C19479,2
C19480,3
C19488,3
C19490,3
C19492,3
C19495,3
C19496,3
C19498,3
C19516,3
C19518,3
C19521,3
C19530,3
C19531,3
C19531,2
C19534,3
C19536,3
C19539,3
C19550,3
C19551,3
C19554,3
C19562,3
C19564,3
C19566,3
C19567,2
C19570,3
C19571,3
C19572,3
C19573,3
C19574,3
C19575,3
C19576,3
C19577,3
C19578,3
C19579,3
C19583,3
C19589,3
C19592,3
C19600,3
C19601,3
C19602,2
C19603,3
C19614,3
C19615,3
C19618,3
C19619,3
C19619,2
C19621,3
C19622,3
C19624,3
C19633,3
C19635,3
C19638,3
C19639,3
C19645,3
C19648,3
C19651,3
C19653,3
C19655,3
C19656,3
C19657,3
C19661,3
C19663,2
C19667,3
C196670,3
C19668,3
C19673,3
C19678,3
C19680,3
C19681,3
C19682,2
C19684,3
C19685,3
C19686,3
C19687,3
C19688,3
C19690,3
C19695,3
C19698,3
C19708,3
C19709,3
C19714,3
C19715,3
C19716,3
C19720,3
C19722,3
C19724,3
C19733,3
C19736,3
C19738,2
C19741,3
C19744,3
C19746,3
C19747,3
C19751,3
C19754,3
C19763,3
C19765,3
C19772,3
C19774,3
C19776,3
C19776,2
C19777,3
C19778,3
C19779,3
C19780,3
C19781,3
C19782,3
C19786,3
C19787,3
C19800,3
C19809,3
C19817,3
C19820,3
C19824,3
C19828,3
C19829,3
C19835,3
C19836,3
C19840,3
C19841,2
C19842,3
C19849,3
C19851,3
C19852,3
C19871,2
C19881,3
C19887,3
C19889,3
C19889,2
C19893,3
C19908,3
C19911,3
C19911,2
C19913,3
C19915,3
C19916,3
C19917,3
C19918,3
C19920,3
C19922,3
C19929,3
C19929,2
C19930,3
C19939,3
C19947,3
C19948,3
C19954,3
C19956,3
C19958,2
C19961,2
C19968,3
C19979,3
C19980,3
C19981,3
C19987,2
C19988,2
C19989,3
C19992,3
C19995,3
C19999,3
C20006,3
C20009,3
C20012,3
C20018,3
C20020,3
C20022,3
C20028,3
C20038,3
C20042,2
C20043,3
C20047,3
C20057,3
C20060,3
C20073,3
C20076,3
C20079,3
C20088,3
C20090,3
C20095,3
C20102,3
C20104,3
C20105,3
C20108,3
C20114,3
C20115,3
C20120,3
C20121,3
C20122,3
C20123,3
C20123,2
C20132,2
C20133,3
C20139,3
C20139,2
C20140,3
C20140,2
C20143,3
C20149,2
C20150,2
C20151,2
C20155,3
C20157,3
C20164,3
C20165,3
C20168,3
C20169,3
C20174,3
C20176,3
C20183,3
C20188,3
C20195,3
C20196,3
C20197,3
C20198,3
C20200,3
C20202,2
C20209,3
C20211,3
C20214,3
C20218,3
C20222,3
C20233,3
C20237,3
C20239,3
C20244,3
C20247,3
C20248,3
C20249,3
C20252,3
C20255,3
C20257,3
C20261,3
C20265,3
C20268,3
C20269,3
C20270,3
C20272,3
C20274,3
C20276,3
C20278,3
C20279,3
C20280,3
C20280,2
C20281,3
C20292,3
C20309,3
C20311,3
C20312,3
C20313,3
C20314,3
C20319,3
C20320,3
C20325,3
C20340,3
C20346,3
C20347,3
C20358,3
C20366,3
C20371,3
C20372,3
C20376,3
C20378,3
C20379,3
C20389,2
C20391,3
C20403,3
C20407,3
C20411,3
C20412,3
C20413,3
C20419,3
C20428,3
C20436,3
C20439,3
C20441,3
C20443,3
C20444,3
C20445,3
C20446,3
C20450,3
C20451,3
C20452,3
C20454,3
C20456,3
C20462,3
C20469,2
C20473,3
C20479,3
C20481,3
C20483,3
C20484,3
C20487,3
C20492,3
C20497,3
C20498,3
C20499,3
C20502,3
C20503,3
C20505,3
C20518,3
C20519,3
C20521,3
C20526,3
C20531,2
C20534,3
C20535,3
C20540,3
C20545,3
C20547,3
C20548,3
C20550,3
C20554,3
C20565,2
C20569,3
C20570,3
C20571,3
C20585,3
C20589,3
C20590,3
C20591,3
C20591,2
C20601,3
C20605,3
C20611,3
C20614,3
C20614,2
C20615,3
C20616,3
C20617,3
C20624,3
C20638,3
C20641,3
C20644,2
C20649,3
C20651,3
C20653,3
C20657,3
C20662,3
C20665,3
C20672,3
C20673,3
C20675,3
C20678,3
C20679,3
C20680,3
C20681,3
C20683,3
C20689,3
C20695,3
C20700,3
C20701,3
C20707,3
C20717,3
C20729,3
C20730,3
C20740,3
C20750,3
C20763,3
C20773,3
C20776,3
C20793,3
C20804,3
C20805,3
C20806,3
C20810,3
C20816,3
C20817,3
C20818,3
C20819,3
C20826,3
C20831,3
C20834,3
C20836,3
C20839,3
C20839,2
C20846,3
C20847,3
C20853,3
C20856,3
C20858,3
C20861,3
C20865,3
C20869,3
C20871,3
C20873,3
C20880,3
C20883,3
C20889,3
C20890,3
C20892,3
C20896,3
C20896,2
C20902,3
C20903,3
C20905,3
C20908,3
C20909,3
C20916,3
C20927,3
C20931,3
C20932,3
C20936,3
C20938,3
C20942,3
C20943,3
C20946,3
C20948,3
C20962,3
C20966,3
C20967,3
C20968,2
C20969,3
C20971,3
C20973,3
C20976,3
C20985,3
C20988,3
C21001,3
C21002,3
C21005,3
C21008,3
C21009,3
C21010,3
C21013,3
C21015,3
C21017,3
C21018,3
C21019,3
C21020,3
C21022,3
C21023,3
C21024,3
C21042,3
C21043,3
C21050,3
C21053,3
C21064,3
C21064,2
C21067,3
C21069,3
C21071,3
C21075,3
C21082,3
C21086,3
C21090,3
C21091,3
C21093,3
C21094,3
C21095,3
C21099,3
C21101,3
C21102,3
C21109,3
C21111,3
C21114,3
C21124,3
C21124,2
C21127,3
C21128,3
C21129,3
C21131,3
C21135,3
C21136,3
C21138,3
C21147,3
C21149,3
C21154,3
C21157,3
C21158,3
C21159,3
C21160,3
C21161,3
C21165,2
C21166,3
C21169,3
C21173,3
C21175,3
C21179,3
C21184,3
C21196,3
C21197,3
C21203,2
C21205,3
C21207,3
C21208,3
C21213,3
C21216,3
C21219,3
C21224,3
C21225,3
C21238,3
C21242,3
C21246,3
C21253,3
C21253,2
C21261,3
C21262,3
C21263,3
C21264,3
C21269,3
C21270,3
C21271,3
C21272,3
C21272,2
C21273,3
C21274,3
C21275,3
C21276,3
C21277,3
C21278,3
C21280,3
C21281,3
C21283,3
C21289,3
C21292,3
C21293,3
C21296,3
C21297,3
C21297,2
C21312,3
C21313,3
C21314,3
C21315,3
C21317,3
C21320,3
C21330,3
C21334,3
C21335,3
C21337,3
C21342,3
C21343,3
C21350,2
C21359,3
C21360,3
C21362,3
C21363,3
C21364,3
C21365,3
C21366,3
C21368,3
C21369,3
C21372,3
C21373,3
C21374,3
C21375,3
C21387,3
C21394,3
C21407,3
C21407,2
C21409,3
C21412,3
C21413,3
C21417,3
C21418,3
C21419,3
C21421,3
C21422,3
C21422,2
C21430,3
C21431,2
C21432,3
C21433,3
C21434,2
C21435,2
C21435,2
C21436,2
C21457,3
C21458,2
C21461,3
C21463,3
C21464,3
C21465,3
C21466,3
C21467,3
C21469,3
C21471,3
C21473,3
C21474,3
C21475,3
C21476,3
C21481,3
C21482,3
C21488,3
C21494,3
C21496,3
C21497,3
C21498,3
C21499,3
C21505,3
C21507,3
C21508,3
C21509,3
C21511,3
C21517,2
C21524,3
C21525,3
C21536,3
C21542,3
C21543,3
C21545,3
C21546,3
C21549,3
C21550,3
C21557,2
C21559,3
C21561,3
C21568,3
C21569,3
C21570,3
C21571,3
C21575,3
C21576,3
C21582,3
C21583,3
C21584,3
C21585,2
C21587,3
C21590,3
C21590,2
C21601,3
C21603,3
C21608,3
C21609,3
C21618,3
C21619,3
C21622,2
C21623,3
C21624,3
C21628,3
C21629,3
C21631,3
C21631,2
C21632,3
C21633,3
C21641,3
C21650,3
C21653,3
C21656,2
C21658,2
C21661,2
C21662,2
C21663,2
C21664,2
C21665,2
C21666,3
C21667,2
C21668,2
C21669,2
C21670,3
C21673,3
C21674,3
C21675,3
C21677,3
C21681,3
C21681,2
C21682,3
C21683,3
C21686,3
C21691,3
C21694,3
C21695,2
C21696,3
C21698,3
C21707,3
C21715,2
C21718,2
C21719,2
C21725,3
C21729,3
C21731,2
C21732,2
C21733,2
C21734,2
C21735,3
C21738,3
C21740,3
C21742,3
C21743,3
C21747,2
C21748,2
C21751,3
C21752,3
C21756,3
C21757,3
C21761,3
C21769,3
C21770,3
C21775,3
C21776,3
C21785,3
C21786,3
C21794,2
C21799,2
C21802,2
C21803,3
C21806,3
C21812,3
C21814,3
C21818,3
C21825,3
C21837,2
C21838,2
C21841,3
C21843,3
C21844,3
C21845,3
C21848,2
C21849,3
C21850,3
C21853,2
C21854,2
C21861,3
C21863,3
C21865,3
C21868,3
C21870,3
C21874,3
C21876,3
C21877,3
C21881,3
C21914,3
C21924,3
C21927,3
C21927,2
C21931,3
C21933,3
C21933,2
C21944,3
C21946,3
C21947,2
C21951,3
C21952,3
C21954,3
C21955,3
C21963,3
C21964,3
C21966,3
C21968,3
C21969,3
C21970,3
C21971,3
C21974,3
C21986,3
C21988,2
C21993,2
C22001,3
C22002,3
C22005,3
C22009,2
C22011,3
C22013,3
C22015,2
C22017,3
C22018,2
C22025,2
C22034,3
C22036,3
C22039,3
C22040,3
C22041,3
C22043,3
C22044,3
C22045,3
C22045,2
C22048,2
C22050,3
C22054,3
C22059,3
C22061,3
C22062,3
C22068,3
C22070,3
C22072,2
C22073,3
C22077,2
C22080,2
C22085,3
C22088,3
C22089,3
C22097,3
C22100,3
C22101,3
C22102,3
C22104,3
C22105,3
C22108,3
C22116,3
C22121,3
C22122,2
C22123,3
C22126,2
C22127,2
C22129,3
C22130,3
C22131,3
C22134,3
C22135,3
C22136,3
C22140,3
C22141,3
C22142,3
C22145,3
C22147,3
C22152,3
C22154,3
C22154,2
C22156,3
C22159,2
C22164,3
C22165,3
C22166,3
C22167,3
C22170,3
C22172,3
C22174,3
C22209,3
C22231,2
C22232,2
C22235,2
C22236,2
C22237,2
C22238,2
C22242,2
C22243,2
C22247,2
C22248,2
C22249,2
C22249,2
C22250,3
C22253,3
C22255,3
C22260,3
C22274,3
C22275,3
C22283,3
C22285,3
C22288,3
C22292,3
C22294,3
C22295,3
C22298,3
C22301,3
C22302,3
C22302,2
C22307,3
C22308,3
C22311,2
C22313,3
C22330,3
C22337,3
C22339,3
C22340,2
C22345,3
C22355,3
C22361,3
C22364,3
C22366,3
C22367,3
C22368,3
C22370,3
C22374,3
C22375,3
C22376,3
C22378,3
C22379,3
C22391,3
C22391,2
C22395,3
C22404,3
C22406,2
C22412,3
C22413,3
C22421,3
C22422,3
C22424,3
C22426,2
C22428,3
C22433,3
C22434,3
C22461,3
C22461,2
C22462,3
C22462,2
C22463,3
C22478,3
C22479,3
C22480,3
C22484,3
C22486,3
C22495,3
C22496,3
C22496,2
C22497,3
C22500,3
C22502,2
C22503,2
C22505,3
C22508,3
C22510,3
C22512,3
C22531,3
C22532,3
C22542,2
C22549,3
C22551,3
C22562,3
C22566,3
C22567,2
C22569,3
C22578,3
C22583,3
C22584,3
C22585,3
C22588,3
C22597,3
C22601,3
C22602,2
C22604,3
C22605,3
C22607,2
C22609,2
C22610,3
C22612,3
C22629,2
C22633,3
C22642,3
C22645,3
C22650,3
C22651,3
C22656,3
C22657,2
C22689,3
C22690,2
C22692,3
C22701,3
C22702,3
C22704,3
C22706,3
C22708,3
C22709,3
C22712,3
C22717,3
C22720,3
C22721,3
C22738,3
C22739,2
C22740,2
C22750,2
C22752,3
C22772,3
C22773,3
C22777,3
C22779,3
C22781,3
C22799,3
C22807,2
C22808,3
C22811,3
C22814,3
C22816,2
C22820,2
C22827,3
C22829,3
C22830,3
C22832,2
C22833,2
C22834,3
C22844,2
C22854,3
C22862,2
C22868,3
C22895,2
C22896,2
C22905,3
C22944,3
C22957,2
C22969,3
C23010,3
C23214,3
C23357,3
C23358,3
C23359,2
C23364,3
C23377,3
C23378,3
C23404,3
C23412,3
C23415,3
C23415,2
C23456,2
L2393,2
L2402,2
L2403,2
L2406,2
L2412,2
L2413,2
L2427,2
L2440,2
L2514,2
L2526,2
L2533,2
L2550,2
L2554,2
L2555,2
L2573,2
L2800,2
L2801,2
L2802,2
L2805,2
L2807,2
L2809,2
L2810,2
L2811,2
L2812,2
L2814,2
L2815,2
L2816,2
L2820,2
L2821,2
L2823,2
L2827,2
L2828,2
L2830,2
L2833,2
L2834,2
L2835,2
L2836,2
L2837,2
L2839,2
L2840,2
L2841,2
L2842,2
L2843,2
L2844,2
N100054,2
N100165,2
N100190,2
N100260,2
N100322,2
N100344,2
N100456,2
N100605,2
N100612,2
N100613,2
N100615,2
N100763,2
N100826,2
N100904,2
N100905,2
N100939,2
N101001,2
N101023,2
N101042,2
N101087,2
N101141,2
N101159,2
N101168,2
N101196,2
N101209,2
N101235,2
N101249,2
N101292,2
N101313,2
N101324,2
N101606,2
N101616,2
N101621,2
N101678,2
N101695,2
N101698,2
N101703,2
N101755,2
N101854,2
N101857,2
N101919,2
N101948,2
N102077,2
N102080,2
N102086,2
N102121,2
N102144,2
N102176,2
N102213,2
N102249,2
N102265,2
N102479,2
N102480,2
N102483,2
N102500,2
N102506,2
N102507,2
N102512,2
N102518,2
N102557,2
N102596,2
N102633,2
N102775,2
N102781,2
N102838,2
N102925,2
N102968,2
N18633,2
N18651,2
N18666,2
N18722,2
N19808,2
N19813,2
N19865,2
N19964,2
N19986,2
N21201,2
N21295,2
N21335,2
N21355,2
N21379,2
N21398,2
N21400,2
N21405,2
N21411,2
N21419,2
N21499,2
N21859,2
N21875,2
N21917,2
N21997,2
N22041,2
N22066,2
N22073,2
N22103,2
N22130,2
N22131,2
N22194,2
N22282,2
N22284,2
N22401,2
N22463,2
N22589,2
N22633,2
N22656,2
N22659,2
N22719,2
N22733,2
N22738,2
N22886,2
N22926,2
N22930,2
N22931,2
N23028,2
N23081,2
N23121,2
N23142,2
N23144,2
N23220,2
N23241,2
N23248,2
N23252,2
N23298,2
N23317,2
N23450,2
N23512,2
N23542,2
N23624,2
N23646,2
N23647,2
N23672,2
N23728,2
N23773,2
N23780,2
N23810,2
N23966,2
N23977,2
N24007,2
N24182,2
N24195,2
N24250,2
N24348,2
N24370,2
N24451,2
N24559,2
N24598,2
N24625,2
N24784,2
N24787,2
N24815,2
N24846,2
N24854,2
N25053,2
N25162,2
N25200,2
N25230,2
N25297,2
N25308,2
N25349,2
N25378,2
N25458,2
N25499,2
N25538,2
N25539,2
N25555,2
N25563,2
N25578,2
N25591,2
N25611,2
N25642,2
N25643,2
N25774,2
N25797,2
N25918,2
N25950,2
N25973,2
N26044,2
N26108,2
N26161,2
N26164,2
N26221,2
N26236,2
N26251,2
N26256,2
N26279,2
N26497,2
N26520,2
N26611,2
N26616,2
N26643,2
N26707,2
N26709,2
N26757,2
N26800,2
N26802,2
N26815,2
N26817,2
N26820,2
N26830,2
N26855,2
N26957,2
N26969,2
N27109,2
N27138,2
N27188,2
N27291,2
N27369,2
N27469,2
N27491,2
N27492,2
N27495,2
N27499,2
N27618,2
N27934,2
N27971,2
N28063,2
N28088,2
N28154,2
N28245,2
N28338,2
N28345,2
N28387,2
N28387,2
N28392,2
N28560,2
N28564,2
N28627,2
N28646,2
N28685,2
N28690,2
N28757,2
N28876,2
N28936,2
N29094,2
N29139,2
N29156,2
N29203,2
N29268,2
N29394,2
N29427,2
N29453,2
N29487,2
N29548,2
N29580,2
N29762,2
N29803,2
N29884,2
N29933,2
N30027,2
N30047,2
N30155,2
N30169,2
N30211,2
N30224,2
N30225,2
N30313,2
N30329,2
N30561,2
N30567,2
N30575,2
N30587,2
N30670,2
N30745,2
N30746,2
N30764,2
N30790,2
N30909,2
N30968,2
N31121,2
N31243,2
N31247,2
N31299,2
N31323,2
N31352,2
N31354,2
N31468,2
N31512,2
N31527,2
N31577,2
N31589,2
N31685,2
N31862,2
N31900,2
N31901,2
N31903,2
N31931,2
N31961,2
N32072,2
N32161,2
N32288,2
N32327,2
N32419,2
N32429,2
N32538,2
N32592,2
N32621,2
N32622,2
N32635,2
N32737,2
N32860,2
N33016,2
N33059,2
N33317,2
N33447,2
N33473,2
N33491,2
N33504,2
N33747,2
N33778,2
N33782,2
N33793,2
N33855,2
N33857,2
N33890,2
N34057,2
N34096,2
N34156,2
N34408,2
N34467,2
N34540,2
N34576,2
N35100,2
N35125,2
N35207,2
N35209,2
N35280,2
N35364,2
N35416,2
N35461,2
N35591,2
N35772,2
N36546,2
N36590,2
N36594,2
N36828,2
N36930,2
N37011,2
N37240,2
N37244,2
N37252,2
N37272,2
N37424,2
N37505,2
N37508,2
N37813,2
N37890,2
N37923,2
N38155,2
N38208,2
N38275,2
N38478,2
N38503,2
N38532,2
N38544,2
N38829,2
N38874,2
N39144,2
N39159,2
N39253,2
N39256,2
N39336,2
N39345,2
N39419,2
N39468,2
N39552,2
N39555,2
N39732,2
N39741,2
N39810,2
N39819,2
N39823,2
N39866,2
N39941,2
N39967,2
N40021,2
N40245,2
N40375,2
N40397,2
N40648,2
N40782,2
N40869,2
N41054,2
N41083,2
N41136,2
N41256,2
N41287,2
N41304,2
N41357,2
N41478,2
N41479,2
N41498,2
N41527,2
N41541,2
N41598,2
N41776,2
N41827,2
N41912,2
N42000,2
N42014,2
N42072,2
N42145,2
N42192,2
N42208,2
N42310,2
N42394,2
N42439,2
N42533,2
N42551,2
N42659,2
N42733,2
N42918,2
N42957,2
N43052,2
N43063,2
N43157,2
N43174,2
N43250,2
N43341,2
N43447,2
N43472,2
N43540,2
N43622,2
N43645,2
N43761,2
N43879,2
N43927,2
N43957,2
N44003,2
N44012,2
N44070,2
N44111,2
N44308,2
N44394,2
N44615,2
N44845,2
N44927,2
N44987,2
N45087,2
N45184,2
N45185,2
N45193,2
N45258,2
N45281,2
N45348,2
N45447,2
N45470,2
N45472,2
N45500,2
N45518,2
N45545,2
N45560,2
N45618,2
N45623,2
N45646,2
N45708,2
N45782,2
N45909,2
N45910,2
N45914,2
N45945,2
N45955,2
N45965,2
N46013,2
N46120,2
N46121,2
N46355,2
N46384,2
N46589,2
N46604,2
N46612,2
N46673,2
N46675,2
N46909,2
N46955,2
N47072,2
N47076,2
N47134,2
N47179,2
N47194,2
N47210,2
N47250,2
N47368,2
N47376,2
N47481,2
N47500,2
N47606,2
N47715,2
N47851,2
N47891,2
N47952,2
N48020,2
N48092,2
N48125,2
N48276,2
N48427,2
N48540,2
N48586,2
N48597,2
N48649,2
N48687,2
N48755,2
N48756,2
N48770,2
N48791,2
N49001,2
N49016,2
N49076,2
N49100,2
N49113,2
N49260,2
N49290,2
N49296,2
N49326,2
N49423,2
N49489,2
N49542,2
N49581,2
N49635,2
N49681,2
N49724,2
N49968,2
N50136,2
N50229,2
N50351,2
N50371,2
N50441,2
N50894,2
N51068,2
N51142,2
N51418,2
N51422,2
N51461,2
N51470,2
N51495,2
N52518,2
N52540,2
N52544,2
N52620,2
N52621,2
N52625,2
N52634,2
N52678,2
N52679,2
N52707,2
N52741,2
N52747,2
N52756,2
N52762,2
N52833,2
N52839,2
N52942,2
N52989,2
N53003,2
N53017,2
N53064,2
N53081,2
N53150,2
N53236,2
N53263,2
N53368,2
N53392,2
N53403,2
N53418,2
N53441,2
N53445,2
N53449,2
N53450,2
N53475,2
N53520,2
N53544,2
N53552,2
N53559,2
N53647,2
N53719,2
N53720,2
N53801,2
N53849,2
N53933,2
N53972,2
N53978,2
N53989,2
N54024,2
N54033,2
N54113,2
N54138,2
N54384,2
N54404,2
N54407,2
N54566,2
N54612,2
N54660,2
N54779,2
N54887,2
N54918,2
N54951,2
N55024,2
N55063,2
N55071,2
N55080,2
N55084,2
N55091,2
N55142,2
N55167,2
N55177,2
N55182,2
N55195,2
N55269,2
N55311,2
N55419,2
N55434,2
N55458,2
N55464,2
N55534,2
N55538,2
N55614,2
N55654,2
N55700,2
N55702,2
N55708,2
N55711,2
N55800,2
N55877,2
N55910,2
N55975,2
N56028,2
N56033,2
N56061,2
N56064,2
N56095,2
N56125,2
N56167,2
N56220,2
N56307,2
N56331,2
N56341,2
N56357,2
N56365,2
N56368,2
N56431,2
N56445,2
N56544,2
N56591,2
N56629,2
N56632,2
N56737,2
N56814,2
N56845,2
N56876,2
N56882,2
N56886,2
N56892,2
N56905,2
N57004,2
N57017,2
N57137,2
N57152,2
N57159,2
N57185,2
N57207,2
N57252,2
N57314,2
N57379,2
N57475,2
N57545,2
N57567,2
N57578,2
N57644,2
N57666,2
N57728,2
N57732,2
N57735,2
N57751,2
N57760,2
N57852,2
N57910,2
N57917,2
N57944,2
N58018,2
N58042,2
N58088,2
N58249,2
N58277,2
N58312,2
N58354,2
N58482,2
N58672,2
N58689,2
N58695,2
N58846,2
N59094,2
N59203,2
N59265,2
N59398,2
N59643,2
N59684,2
N59698,2
N59750,2
N59842,2
N59844,2
N60006,2
N60012,2
N60040,2
N60054,2
N60096,2
N60163,2
N60461,2
N60469,2
N60472,2
N60482,2
N60565,2
N60571,2
N60572,2
N60673,2
N60713,2
N60748,2
N60818,2
N60824,2
N60918,2
N60919,2
N60982,2
N61013,2
N61250,2
N61310,2
N61350,2
N61364,2
N61491,2
N61501,2
N61523,2
N61552,2
N61666,2
N61720,2
N61780,2
N61849,2
N61866,2
N61880,2
N61897,2
N61917,2
N61937,2
N61980,2
N62010,2
N62081,2
N62280,2
N62310,2
N62329,2
N62379,2
N62429,2
N62494,2
N62532,2
N62561,2
N62572,2
N62649,2
N62706,2
N62707,2
N62994,2
N63013,2
N63128,2
N63192,2
N63224,2
N63238,2
N63240,2
N63322,2
N63620,2
N63702,2
N63706,2
N63713,2
N63780,2
N64073,2
N64182,2
N64200,2
N64211,2
N64362,2
N64389,2
N64400,2
N64432,2
N64528,2
N64649,2
N64652,2
N64667,2
N64700,2
N64765,2
N64812,2
N64842,2
N64861,2
N64877,2
N64910,2
N64924,2
N64945,2
N64965,2
N65014,2
N65054,2
N65073,2
N65077,2
N65109,2
N65198,2
N65272,2
N65313,2
N65380,2
N65399,2
N65430,2
N65436,2
N65500,2
N65540,2
N65587,2
N65641,2
N65723,2
N65726,2
N65730,2
N65794,2
N65966,2
N66025,2
N66028,2
N66044,2
N66083,2
N66092,2
N66123,2
N66214,2
N66346,2
N66447,2
N66448,2
N66456,2
N66517,2
N66543,2
N66627,2
N66637,2
N66800,2
N66864,2
N66885,2
N66924,2
N67013,2
N67014,2
N67022,2
N67081,2
N67147,2
N67248,2
N67291,2
N67322,2
N67389,2
N67407,2
N67457,2
N67485,2
N67501,2
N67535,2
N67595,2
N67606,2
N67645,2
N67685,2
N67689,2
N67710,2
N67770,2
N67780,2
N67807,2
N67852,2
N67881,2
N67956,2
N68097,2
N68136,2
N68140,2
N68142,2
N68304,2
N68447,2
N68485,2
N68505,2
N68524,2
N68546,2
N68547,2
N68565,2
N68594,2
N68648,2
N68713,2
N68762,2
N68783,2
N68820,2
N68866,2
N69015,2
N69177,2
N69182,2
N69208,2
N69303,2
N69338,2
N69384,2
N69456,2
N69458,2
N69497,2
N69527,2
N69682,2
N69722,2
N69723,2
N69776,2
N69799,2
N69861,2
N69897,2
N69958,2
N69971,2
N69998,2
N70038,2
N70043,2
N70102,2
N70106,2
N70179,2
N70256,2
N70333,2
N70370,2
N70435,2
N70474,2
N70647,2
N70653,2
N70681,2
N70743,2
N70750,2
N70754,2
N70835,2
N70886,2
N70927,2
N70983,2
N71054,2
N71109,2
N71111,2
N71132,2
N71145,2
N71185,2
N71187,2
N71215,2
N71385,2
N71450,2
N71566,2
N71578,2
N71656,2
N71670,2
N71693,2
N71742,2
N71777,2
N71890,2
N72084,2
N72101,2
N72223,2
N72237,2
N72244,2
N72255,2
N72332,2
N72381,2
N72458,2
N72527,2
N72657,2
N72658,2
N72663,2
N72694,2
N72730,2
N72740,2
N72750,2
N72772,2
N73007,2
N73023,2
N73045,2
N73057,2
N73112,2
N73113,2
N73129,2
N73136,2
N73295,2
N73334,2
N73496,2
N73612,2
N73622,2
N73661,2
N73673,2
N73675,2
N73725,2
N73727,2
N73739,2
N73764,2
N73904,2
N73982,2
N74054,2
N74101,2
N74121,2
N74189,2
N74268,2
N74286,2
N74460,2
N74631,2
N74645,2
N74755,2
N74758,2
N74775,2
N74814,2
N74845,2
N74873,2
N74899,2
N74964,2
N74985,2
N75004,2
N75059,2
N75105,2
N75143,2
N75195,2
N75273,2
N75294,2
N75487,2
N75551,2
N75555,2
N75589,2
N75590,2
N75654,2
N75727,2
N75752,2
N75820,2
N75845,2
N75881,2
N75949,2
N75969,2
N75994,2
N76045,2
N76092,2
N76219,2
N76311,2
N76338,2
N76361,2
N76365,2
N76380,2
N76382,2
N76480,2
N76493,2
N76519,2
N76672,2
N76675,2
N76699,2
N76803,2
N76835,2
N76951,2
N76969,2
N77038,2
N77052,2
N77144,2
N77146,2
N77198,2
N77289,2
N77422,2
N77501,2
N77539,2
N77574,2
N77643,2
N77697,2
N77705,2
N77723,2
N77738,2
N77746,2
N77748,2
N77750,2
N77751,2
N77826,2
N77845,2
N77863,2
N77903,2
N77910,2
N77916,2
N77929,2
N77959,2
N77964,2
N78042,2
N78069,2
N78070,2
N78071,2
N78086,2
N78107,2
N78117,2
N78143,2
N78156,2
N78173,2
N78175,2
N78183,2
N78187,2
N78198,2
N78229,2
N78231,2
N78278,2
N78313,2
N78340,2
N78343,2
N78346,2
N78379,2
N78404,2
N78410,2
N78426,2
N78430,2
N78431,2
N78456,2
N78464,2
N78501,2
N78505,2
N78520,2
N78541,2
N78547,2
N78550,2
N78563,2
N78568,2
N78664,2
N78673,2
N78724,2
N78736,2
N78827,2
N78837,2
N78845,2
N78917,2
N78924,2
N78932,2
N78945,2
N78955,2
N78963,2
N78986,2
N78991,2
N79019,2
N79024,2
N79031,2
N79036,2
N79045,2
N79071,2
N79134,2
N79140,2
N79146,2
N79160,2
N79163,2
N79166,2
N79232,2
N79235,2
N79247,2
N79255,2
N79274,2
N79280,2
N79283,2
N79303,2
N79307,2
N79329,2
N79345,2
N79355,2
N79366,2
N79386,2
N79390,2
N79432,2
N79434,2
N79485,2
N79509,2
N79559,2
N79589,2
N79613,2
N79653,2
N79683,2
N79704,2
N79778,2
N79783,2
N79810,2
N79856,2
N79874,2
N79912,2
N79948,2
N79964,2
N79965,2
N79972,2
N79983,2
N80001,2
N80011,2
N80018,2
N80019,2
N80049,2
N80074,2
N80139,2
N80143,2
N80146,2
N80159,2
N80167,2
N80176,2
N80223,2
N80231,2
N80290,2
N80298,2
N80302,2
N80308,2
N80324,2
N80409,2
N80429,2
N80446,2
N80456,2
N80464,2
N80523,2
N80586,2
N80591,2
N80604,2
N80607,2
N80614,2
N80615,2
N80617,2
N80640,2
N80642,2
N80659,2
N80708,2
N80746,2
N80813,2
N80827,2
N80856,2
N80873,2
N80904,2
N80917,2
N80962,2
N80973,2
N81047,2
N81100,2
N81139,2
N81161,2
N81292,2
N81351,2
N81405,2
N81417,2
N81433,2
N81446,2
N81475,2
N81483,2
N81486,2
N81504,2
N81506,2
N81525,2
N81531,2
N81541,2
N81558,2
N81563,2
N81591,2
N81637,2
N81640,2
N81721,2
N81749,2
N81754,2
N81756,2
N81806,2
N81818,2
N81846,2
N81927,2
N81930,2
N81952,2
N81964,2
N81970,2
N81982,2
N81994,2
N82012,2
N82070,2
N82308,2
N82322,2
N82339,2
N82358,2
N82385,2
N82431,2
N82435,2
N82490,2
N82527,2
N82550,2
N82623,2
N82897,2
N82900,2
N82905,2
N82966,2
N83007,2
N83060,2
N83076,2
N83153,2
N83163,2
N83214,2
N83225,2
N83280,2
N83374,2
N83386,2
N83563,2
N83610,2
N83622,2
N83700,2
N83726,2
N83806,2
N83807,2
N83900,2
N83916,2
N83917,2
N84014,2
N84048,2
N84094,2
N84115,2
N84116,2
N84118,2
N84177,2
N84190,2
N84301,2
N84315,2
N84321,2
N84375,2
N84393,2
N84395,2
N84399,2
N84455,2
N84491,2
N84566,2
N84567,2
N84571,2
N84685,2
N84820,2
N84844,2
N84880,2
N84883,2
N84888,2
N84914,2
N84968,2
N84974,2
N85012,2
N85061,2
N85185,2
N85195,2
N85205,2
N85221,2
N85262,2
N85297,2
N85314,2
N85347,2
N85396,2
N85402,2
N85435,2
N85515,2
N85524,2
N85617,2
N85740,2
N85784,2
N85792,2
N85803,2
N85905,2
N85954,2
N85995,2
N86012,2
N86022,2
N86032,2
N86033,2
N86079,2
N86113,2
N86146,2
N86163,2
N86193,2
N86230,2
N86246,2
N86263,2
N86328,2
N86390,2
N86399,2
N86512,2
N86635,2
N86671,2
N86673,2
N86775,2
N86784,2
N86785,2
N86826,2
N86846,2
N86861,2
N86869,2
N86870,2
N86900,2
N86952,2
N86971,2
N86987,2
N87021,2
N87036,2
N87070,2
N87129,2
N87198,2
N87237,2
N87238,2
N87273,2
N87286,2
N87340,2
N87383,2
N87384,2
N87391,2
N87405,2
N87406,2
N87408,2
N87424,2
N87436,2
N87437,2
N87498,2
N87501,2
N87540,2
N87575,2
N87637,2
N87699,2
N87750,2
N87762,2
N87793,2
N87903,2
N87914,2
N87963,2
N87994,2
N88103,2
N88145,2
N88171,2
N88172,2
N88204,2
N88206,2
N88272,2
N88284,2
N88309,2
N88311,2
N88343,2
N88372,2
N88422,2
N88439,2
N88475,2
N88487,2
N88497,2
N88554,2
N88589,2
N88593,2
N88594,2
N88624,2
N88630,2
N88631,2
N88633,2
N88635,2
N88643,2
N88692,2
N88710,2
N88764,2
N88773,2
N88845,2
N88847,2
N88854,2
N88855,2
N88905,2
N89052,2
N89081,2
N89093,2
N89098,2
N89115,2
N89124,2
N89180,2
N89279,2
N89331,2
N89373,2
N89374,2
N89409,2
N89426,2
N89435,2
N89545,2
N89622,2
N89653,2
N89661,2
N89683,2
N89716,2
N89719,2
N89753,2
N89797,2
N89877,2
N90049,2
N90061,2
N90069,2
N90070,2
N90088,2
N90113,2
N90139,2
N90185,2
N90219,2
N90233,2
N90237,2
N90243,2
N90260,2
N90267,2
N90324,2
N90334,2
N90345,2
N90393,2
N90480,2
N90541,2
N90740,2
N90782,2
N90791,2
N90819,2
N90838,2
N90846,2
N90863,2
N90882,2
N90915,2
N90940,2
N90941,2
N90954,2
N91010,2
N91028,2
N91030,2
N91049,2
N91094,2
N91139,2
N91192,2
N91198,2
N91344,2
N91347,2
N91375,2
N91379,2
N91410,2
N91430,2
N91432,2
N91434,2
N91436,2
N91452,2
N91512,2
N91569,2
N91599,2
N91600,2
N91602,2
N91680,2
N91691,2
N91816,2
N91852,2
N91862,2
N91963,2
N92071,2
N92074,2
N92075,2
N92203,2
N92227,2
N92228,2
N92243,2
N92249,2
N92267,2
N92283,2
N92287,2
N92320,2
N92340,2
N92353,2
N92361,2
N92362,2
N92363,2
N92368,2
N92422,2
N92450,2
N92455,2
N92493,2
N92500,2
N92548,2
N92575,2
N92625,2
N92628,2
N92630,2
N92676,2
N92706,2
N92726,2
N92735,2
N92848,2
N92874,2
N92930,2
N92957,2
N92974,2
N93010,2
N93114,2
N93144,2
N93177,2
N93178,2
N93184,2
N93218,2
N93223,2
N93247,2
N93279,2
N93291,2
N93308,2
N93351,2
N93352,2
N93388,2
N93433,2
N93452,2
N93522,2
N93538,2
N93557,2
N93611,2
N93638,2
N93657,2
N93690,2
N93765,2
N93786,2
N93836,2
N93862,2
N93865,2
N93871,2
N93917,2
N93925,2
N93940,2
N93942,2
N93955,2
N93965,2
N93985,2
N94012,2
N94043,2
N94047,2
N94065,2
N94081,2
N94103,2
N94122,2
N94145,2
N94150,2
N94181,2
N94231,2
N94256,2
N94288,2
N94595,2
N94648,2
N94670,2
N94708,2
N94726,2
N94806,2
N94815,2
N94830,2
N94835,2
N94840,2
N94885,2
N94908,2
N94921,2
N94939,2
N95047,2
N95064,2
N95238,2
N95240,2
N95273,2
N95277,2
N95283,2
N95329,2
N95337,2
N95343,2
N95353,2
N95381,2
N95414,2
N95431,2
N95455,2
N95494,2
N95495,2
N95496,2
N95556,2
N95560,2
N95566,2
N95589,2
N95590,2
N95597,2
N95641,2
N95645,2
N95646,2
N95660,2
N95666,2
N95721,2
N95790,2
N95834,2
N95885,2
N95908,2
N95948,2
N96074,2
N96159,2
N96199,2
N96204,2
N96226,2
N96241,2
N96246,2
N96284,2
N96296,2
N96332,2
N96359,2
N96361,2
N96488,2
N96510,2
N96568,2
N96585,2
N96597,2
N96600,2
N96660,2
N96680,2
N96705,2
N96726,2
N96747,2
N96788,2
N96795,2
N96799,2
N96836,2
N96837,2
N96897,2
N96960,2
N96991,2
N96993,2
N97002,2
N97068,2
N97070,2
N97113,2
N97159,2
N97160,2
N97176,2
N97190,2
N97211,2
N97278,2
N97349,2
N97394,2
N97407,2
N97509,2
N97555,2
N97558,2
N97571,2
N97579,2
N97584,2
N97629,2
N97638,2
N97755,2
N97768,2
N97786,2
N97858,2
N97959,2
N98024,2
N98153,2
N98182,2
N98185,2
N98241,2
N98247,2
N98274,2
N98275,2
N98305,2
N98348,2
N98386,2
N98397,2
N98569,2
N98701,2
N98753,2
N98814,2
N98831,2
N98871,2
N98918,2
N98921,2
N99124,2
N99168,2
N99242,2
N99412,2
N99426,2
N99431,2
N99464,2
N99515,2
N99523,2
N99538,2
N99547,2
N99556,2
N99603,2
N99683,2
N99695,2
N99712,2
N99735,2
N99770,2
N99771,2
N99823,2
N99834,2
N99930,2
N99965,2
P1049,2
P1306,2
P131,2
P1384,2
P1417,2
P1581,2
P181,2
P1838,2
P195,2
P2112,2
P2285,2
P2571,2
P2738,2
P2875,2
P2901,2
P3159,2
P3227,2
P3544,2
P3669,2
P3704,2
P3706,2
P3767,2
P3912,2
P4029,2
P4122,2
P4194,2
P4463,2
P4486,2
P4492,2
P4529,2
P4719,2
P4781,2
P4812,2
P4951,2
P4977,2
P4984,2
P5129,2
P5147,2
P5238,2
P5309,2
P5383,2
P5387,2
P5388,2
P5421,2
P5435,2
P5442,2
P548,2
P5543,2
P564,2
P571,2
P5801,2
P5952,2
P610,2
P618,2
P6351,2
P686,2
P693,2
P872,2
S100157,2
S100206,2
S100263,2
S100303,2
S100327,2
S100330,2
S100347,2
S100431,2
S100458,2
S100474,2
S100506,2
S100515,2
S100641,2
S100741,2
S100803,2
S100842,2
S100875,2
S100880,2
S100923,2
S100924,2
S100927,2
S101128,2
S101135,2
S101199,2
S101274,2
S101321,2
S101395,2
S101426,2
S101536,2
S101563,2
S101599,2
S101605,2
S101670,2
S101726,2
S101810,2
S101992,2
S102003,2
S102117,2
S102305,2
S102319,2
S102392,2
S102444,2
S102588,2
S102620,2
S102748,2
S102780,2
S102787,2
S102959,2
S102987,2
S103009,2
S103122,2
S103154,2
S103186,2
S103193,2
S103243,2
S103248,2
S103277,2
S103320,2
S103323,2
S103395,2
S103397,2
S103399,2
S103429,2
S103550,2
S103624,2
S103628,2
S103638,2
S103688,2
S103711,2
S103772,2
S103989,2
S104059,2
S104142,2
S104214,2
S104291,2
S104361,2
S104390,2
S104414,2
S104584,2
S104685,2
S104688,2
S104690,2
S104707,2
S104768,2
S104789,2
S104870,2
S104959,2
S104972,2
S105203,2
S105205,2
S105254,2
S105256,2
S105262,2
S105316,2
S105375,2
S105380,2
S105431,2
S105444,2
S105480,2
S105544,2
S105625,2
S105628,2
S105754,2
S105758,2
S105760,2
S105795,2
S105945,2
S106113,2
S106126,2
S106163,2
S106194,2
S106223,2
S106249,2
S106299,2
S106401,2
S106416,2
S106470,2
S106479,2
S106480,2
S106648,2
S106695,2
S106736,2
S106760,2
S106763,2
S106868,2
S106982,2
S107025,2
S107029,2
S107032,2
S107185,2
S107227,2
S107235,2
S107438,2
S107486,2
S107523,2
S107545,2
S107581,2
S107722,2
S107794,2
S107807,2
S107839,2
S107847,2
S107935,2
S107981,2
S108030,2
S108050,2
S108075,2
S108156,2
S108249,2
S108286,2
S108512,2
S108532,2
S108535,2
S108536,2
S108570,2
S108591,2
S108630,2
S108695,2
S108759,2
S108763,2
S108807,2
S108810,2
S108857,2
S108858,2
S108865,2
S108866,2
S108870,2
S108894,2
S108905,2
S109000,2
S109016,2
S109019,2
S109030,2
S109052,2
S109085,2
S109088,2
S109097,2
S109098,2
S109145,2
S109193,2
S109227,2
S109304,2
S109311,2
S109364,2
S109383,2
S109405,2
S109422,2
S109446,2
S109483,2
S109748,2
S109758,2
S109826,2
S109847,2
S109859,2
S109902,2
S109919,2
S109937,2
S109951,2
S109960,2
S110009,2
S110052,2
S110078,2
S110120,2
S110130,2
S110151,2
S110155,2
S110157,2
S110218,2
S110233,2
S110235,2
S110244,2
S110245,2
S110344,2
S110359,2
S110386,2
S110446,2
S110556,2
S110668,2
S110848,2
S110903,2
S110932,2
S110948,2
S111030,2
S111141,2
S111263,2
S111357,2
S111371,2
S111414,2
S111434,2
S111572,2
S111645,2
S111699,2
S111741,2
S111784,2
S111806,2
S111836,2
S111847,2
S111855,2
S111879,2
S111890,2
S111892,2
S111900,2
S111904,2
S111935,2
S111939,2
S112011,2
S112095,2
S112132,2
S112165,2
S112170,2
S112171,2
S112224,2
S112243,2
S112279,2
S112283,2
S112290,2
S112313,2
S112329,2
S112362,2
S112371,2
S112446,2
S112447,2
S112463,2
S112509,2
S112521,2
S112605,2
S112627,2
S112629,2
S112649,2
S112655,2
S112703,2
S112764,2
S112792,2
S112795,2
S112801,2
S112828,2
S112953,2
S112982,2
S113016,2
S113027,2
S113044,2
S113049,2
S113152,2
S113189,2
S113190,2
S113294,2
S113300,2
S113301,2
S113331,2
S113407,2
S113417,2
S113528,2
S113592,2
S113608,2
S113669,2
S113670,2
S113717,2
S113897,2
S113930,2
S113984,2
S114117,2
S114163,2
S114179,2
S114438,2
S114443,2
S114655,2
S114727,2
S114954,2
S115124,2
S115202,2
S115231,2
S115282,2
S115350,2
S115424,2
S115442,2
S115522,2
S115574,2
S115632,2
S115844,2
S115848,2
S115891,2
S115919,2
S115931,2
S115966,2
S115996,2
S116025,2
S116047,2
S116115,2
S116227,2
S116231,2
S116259,2
S116262,2
S116349,2
S116372,2
S116430,2
S116454,2
S116501,2
S116502,2
S116524,2
S116534,2
S116545,2
S116550,2
S116579,2
S116629,2
S116711,2
S116723,2
S116730,2
S116787,2
S116789,2
S116892,2
S116922,2
S116923,2
S116971,2
S117022,2
S117090,2
S117128,2
S117307,2
S117359,2
S117360,2
S117380,2
S117394,2
S117401,2
S117427,2
S117513,2
S117520,2
S117524,2
S117526,2
S117559,2
S117572,2
S117573,2
S117632,2
S117634,2
S117636,2
S117651,2
S117668,2
S117673,2
S117821,2
S117825,2
S117852,2
S117932,2
S118003,2
S118019,2
S118020,2
S118045,2
S118100,2
S118110,2
S118162,2
S118177,2
S118207,2
S118219,2
S118232,2
S118244,2
S118264,2
S118268,2
S118312,2
S118326,2
S118374,2
S118397,2
S118437,2
S118448,2
S118451,2
S118457,2
S118463,2
S118464,2
S118490,2
S118492,2
S118494,2
S118508,2
S118518,2
S118519,2
S118593,2
S118595,2
S118611,2
S118635,2
S118782,2
S118814,2
S118822,2
S118869,2
S118871,2
S118941,2
S118972,2
S118986,2
S119024,2
S119079,2
S119118,2
S119173,2
S119294,2
S119470,2
S119610,2
S119686,2
S119712,2
S119762,2
S119893,2
S119919,2
S119922,2
S119941,2
S119983,2
S120061,2
S120082,2
S120194,2
S120230,2
S120260,2
S120263,2
S120283,2
S120295,2
S120365,2
S120388,2
S120429,2
S120499,2
S120505,2
S120521,2
S120650,2
S120694,2
S120740,2
S120772,2
S120787,2
S120825,2
S120926,2
S121017,2
S121035,2
S121117,2
S121145,2
S121162,2
S121231,2
S121253,2
S121389,2
S121401,2
S121465,2
S121488,2
S121672,2
S121685,2
S121723,2
S121724,2
S121727,2
S121788,2
S121941,2
S122020,2
S122025,2
S122026,2
S122040,2
S122054,2
S122055,2
S122104,2
S122163,2
S122184,2
S122201,2
S122253,2
S122351,2
S122466,2
S122467,2
S122475,2
S122476,2
S122510,2
S122512,2
S122522,2
S122580,2
S122600,2
S122631,2
S122675,2
S122679,2
S122736,2
S122805,2
S122836,2
S122850,2
S122859,2
S123025,2
S123069,2
S123080,2
S123081,2
S123222,2
S123233,2
S123280,2
S123309,2
S123310,2
S123353,2
S123356,2
S123369,2
S123376,2
S123384,2
S123418,2
S123447,2
S123461,2
S123583,2
S123584,2
S123611,2
S123620,2
S123630,2
S123665,2
S123702,2
S123846,2
S123859,2
S123917,2
S123918,2
S123937,2
S123939,2
S124077,2
S124103,2
S124175,2
S124204,2
S124209,2
S124308,2
S124313,2
S124345,2
S124372,2
S124389,2
S124414,2
S124435,2
S124437,2
S124455,2
S124584,2
S124594,2
S124645,2
S124651,2
S124657,2
S124715,2
S124862,2
S124871,2
S124880,2
S124925,2
S124926,2
S124946,2
S124947,2
S125064,2
S125167,2
S125254,2
S125268,2
S125330,2
S125343,2
S125352,2
S125355,2
S125384,2
S125467,2
S125473,2
S125506,2
S125561,2
S125586,2
S125607,2
S125670,2
S125704,2
S125711,2
S125766,2
S125810,2
S125863,2
S125876,2
S125890,2
S125903,2
S125934,2
S125944,2
S126060,2
S126063,2
S126069,2
S126072,2
S126082,2
S126084,2
S126102,2
S126143,2
S126153,2
S126171,2
S126360,2
S126362,2
S126379,2
S126380,2
S126404,2
S126454,2
S126458,2
S126571,2
S126661,2
S126686,2
S126705,2
S126793,2
S126801,2
S126815,2
S126887,2
S126907,2
S126911,2
S126933,2
S127018,2
S127020,2
S127234,2
S127235,2
S127247,2
S127256,2
S127329,2
S127345,2
S127387,2
S127541,2
S127559,2
S127681,2
S127686,2
S127704,2
S127725,2
S127732,2
S127907,2
S127985,2
S128059,2
S128101,2
S128147,2
S128316,2
S128385,2
S128423,2
S128426,2
S128427,2
S128463,2
S128478,2
S128484,2
S128489,2
S128524,2
S128616,2
S128669,2
S128692,2
S128702,2
S128703,2
S128725,2
S128748,2
S128756,2
S128768,2
S128785,2
S128908,2
S128937,2
S128941,2
S128967,2
S129050,2
S129056,2
S129057,2
S129173,2
S129177,2
S129185,2
S129242,2
S129253,2
S129282,2
S129372,2
S129394,2
S129416,2
S129490,2
S129534,2
S129623,2
S129629,2
S129648,2
S129655,2
S129665,2
S129709,2
S129769,2
S129785,2
S129788,2
S129830,2
S129855,2
S129866,2
S129934,2
S129983,2
S130016,2
S130069,2
S130078,2
S130118,2
S130135,2
S130157,2
S130175,2
S130192,2
S130304,2
S130335,2
S130378,2
S130393,2
S130415,2
S130419,2
S130468,2
S130519,2
S130553,2
S130587,2
S130591,2
S130605,2
S130703,2
S130769,2
S130784,2
S130886,2
S130897,2
S130900,2
S130963,2
S130981,2
S131018,2
S131027,2
S131042,2
S131097,2
S131259,2
S131300,2
S131371,2
S131375,2
S131382,2
S131391,2
S131439,2
S131461,2
S131484,2
S131499,2
S131501,2
S131541,2
S131626,2
S131689,2
S131696,2
S131741,2
S131749,2
S131910,2
S131921,2
S131956,2
S131987,2
S132005,2
S132018,2
S132072,2
S132107,2
S132108,2
S132109,2
S132146,2
S132218,2
S132229,2
S132236,2
S132351,2
S132352,2
S132373,2
S132399,2
S132404,2
S132406,2
S132410,2
S132434,2
S132489,2
S132490,2
S132496,2
S132662,2
S132679,2
S132687,2
S132703,2
S132712,2
S132714,2
S132773,2
S132808,2
S132850,2
S132890,2
S132891,2
S133023,2
S133083,2
S133097,2
S133108,2
S133126,2
S133138,2
S133225,2
S133241,2
S133242,2
S133256,2
S133261,2
S133280,2
S133281,2
S133361,2
S133384,2
S133438,2
S133484,2
S133503,2
S133555,2
S133589,2
S133594,2
S133635,2
S133692,2
S133766,2
S133793,2
S133798,2
S133806,2
S133832,2
S133915,2
S133969,2
S133993,2
S134058,2
S134059,2
S134159,2
S134164,2
S134180,2
S134250,2
S134279,2
S134285,2
S134289,2
S134327,2
S134362,2
S134372,2
S134420,2
S134455,2
S134553,2
S134564,2
S134575,2
S134663,2
S134691,2
S134818,2
S134820,2
S134880,2
S135007,2
S135023,2
S135033,2
S135036,2
S135037,2
S135051,2
S135100,2
S135185,2
S135206,2
S135256,2
S135352,2
S135356,2
S135369,2
S135412,2
S135435,2
S135437,2
S135524,2
S135545,2
S135672,2
S135711,2
S135715,2
S135721,2
S135723,2
S135825,2
S135827,2
S135929,2
S135969,2
S135971,2
S135997,2
S135999,2
S136019,2
S136028,2
S136049,2
S136086,2
S136090,2
S136093,2
S136306,2
S136360,2
S136402,2
S136403,2
S136407,2
S136430,2
S136446,2
S136491,2
S136495,2
S136510,2
S136536,2
S136572,2
S136575,2
S136582,2
S136620,2
S136677,2
S136706,2
S136743,2
S136754,2
S136875,2
S136947,2
S136972,2
S136978,2
S137011,2
S137046,2
S137048,2
S137051,2
S137052,2
S137061,2
S137103,2
S137152,2
S137233,2
S137247,2
S137276,2
S137291,2
S137295,2
S137306,2
S137319,2
S137323,2
S137394,2
S137399,2
S137419,2
S137439,2
S137479,2
S137519,2
S137540,2
S137546,2
S137597,2
S137607,2
S137797,2
S137804,2
S137879,2
S137881,2
S137947,2
S137951,2
S137961,2
S137963,2
S137984,2
S138013,2
S138041,2
S138056,2
S138075,2
S138127,2
S138183,2
S138225,2
S138377,2
S138409,2
S138523,2
S138549,2
S138602,2
S138619,2
S138626,2
S138711,2
S138713,2
S138743,2
S138747,2
S138771,2
S138783,2
S138788,2
S138799,2
S138860,2
S138871,2
S139024,2
S139046,2
S139050,2
S139072,2
S139074,2
S139148,2
S139276,2
S139277,2
S139353,2
S139451,2
S139520,2
S139602,2
S139626,2
S139627,2
S139659,2
S139665,2
S139848,2
S139856,2
S139873,2
S139909,2
S139910,2
S139923,2
S139940,2
S140031,2
S140034,2
S140097,2
S140098,2
S140135,2
S140168,2
S140194,2
S140285,2
S140300,2
S140360,2
S140366,2
S140701,2
S140712,2
S140752,2
S140861,2
S140891,2
S140946,2
S141001,2
S141006,2
S141021,2
S141046,2
S141193,2
S141201,2
S141244,2
S141267,2
S141312,2
S141327,2
S141387,2
S141453,2
S141461,2
S141480,2
S141489,2
S141608,2
S141625,2
S141645,2
S141740,2
S141744,2
S141796,2
S141858,2
S141861,2
S141907,2
S141963,2
S141982,2
S142075,2
S142081,2
S142101,2
S142200,2
S142206,2
S142218,2
S142242,2
S142290,2
S142332,2
S142356,2
S142360,2
S142376,2
S142405,2
S142457,2
S142470,2
S142508,2
S142564,2
S142750,2
S142752,2
S142835,2
S142890,2
S142932,2
S142945,2
S142964,2
S142978,2
S142980,2
S143144,2
S143159,2
S143226,2
S143236,2
S143264,2
S143268,2
S143280,2
S143285,2
S143289,2
S143324,2
S143400,2
S143404,2
S143447,2
S143483,2
S143513,2
S143514,2
S143807,2
S143819,2
S143831,2
S143842,2
S143878,2
S143931,2
S143932,2
S143977,2
S144045,2
S144109,2
S144142,2
S144156,2
S144189,2
S144233,2
S144253,2
S144285,2
S144360,2
S144449,2
S144463,2
S144491,2
S144553,2
S144555,2
S144601,2
S144616,2
S144643,2
S144644,2
S144655,2
S144674,2
S144679,2
S144680,2
S144681,2
S144682,2
S144717,2
S144795,2
S144811,2
S144824,2
S144852,2
S144857,2
S144860,2
S144920,2
S144924,2
S144940,2
S144973,2
S145006,2
S145020,2
S145146,2
S145148,2
S145150,2
S145186,2
S145450,2
S145516,2
S145541,2
S145565,2
S145645,2
S145683,2
S145693,2
S145845,2
S145846,2
S145847,2
S145862,2
S145936,2
S145939,2
S145973,2
S146040,2
S146062,2
S146102,2
S146136,2
S146210,2
S146231,2
S146243,2
S146332,2
S146339,2
S146400,2
S146420,2
S146443,2
S146502,2
S146510,2
S146521,2
S146536,2
S146642,2
S146645,2
S146668,2
S146752,2
S146805,2
S146809,2
S146843,2
S146886,2
S146902,2
S146956,2
S146964,2
S146985,2
S147002,2
S147013,2
S147020,2
S147056,2
S147062,2
S147075,2
S147179,2
S147205,2
S147207,2
S147217,2
S147252,2
S147296,2
S147315,2
S147358,2
S147375,2
S147421,2
S147422,2
S147425,2
S147432,2
S147445,2
S147449,2
S147501,2
S147513,2
S147522,2
S147573,2
S147597,2
S147626,2
S147730,2
S147756,2
S147783,2
S147789,2
S147981,2
S147993,2
S148009,2
S148084,2
S148165,2
S148177,2
S148198,2
S148208,2
S148211,2
S148213,2
S148214,2
S148243,2
S148244,2
S148279,2
S148291,2
S148313,2
S148339,2
S148454,2
S148499,2
S148611,2
S148682,2
S148780,2
S148804,2
S148945,2
S148964,2
S149053,2
S149099,2
S149115,2
S149140,2
S149171,2
S149214,2
S149223,2
S149228,2
S149229,2
S149267,2
S149306,2
S149310,2
S149325,2
S149330,2
S149354,2
S149416,2
S149424,2
S149429,2
S149466,2
S149513,2
S149540,2
S149598,2
S149608,2
S149613,2
S149619,2
S149649,2
S149757,2
S149866,2
S149890,2
S149892,2
S149961,2
S149988,2
S150060,2
S150080,2
S150086,2
S150090,2
S150109,2
S150116,2
S150135,2
S150140,2
S150175,2
S150284,2
S150317,2
S150336,2
S150394,2
S150481,2
S150503,2
S150518,2
S150525,2
S150565,2
S150567,2
S150568,2
S150601,2
S150631,2
S150655,2
S150698,2
S150714,2
S150716,2
S150769,2
S150833,2
S150884,2
S150887,2
S150910,2
S150951,2
S150958,2
S150964,2
S151101,2
S151148,2
S151358,2
S151414,2
S151433,2
S151484,2
S151601,2
S151841,2
S151846,2
S151898,2
S151900,2
S151904,2
S151948,2
S152080,2
S152283,2
S152288,2
S152323,2
S152373,2
S15239,2
S152436,2
S152446,2
S152450,2
S152451,2
S152505,2
S152546,2
S152547,2
S152612,2
S152645,2
S152649,2
S152658,2
S152682,2
S152688,2
S152691,2
S152713,2
S152883,2
S152902,2
S152918,2
S152926,2
S152940,2
S152945,2
S152947,2
S153002,2
S153041,2
S153138,2
S153187,2
S153189,2
S153201,2
S153211,2
S153292,2
S153296,2
S153337,2
S153340,2
S153355,2
S153449,2
S153464,2
S153523,2
S153559,2
S153570,2
S153601,2
S153602,2
S153610,2
S153656,2
S153665,2
S153666,2
S153872,2
S153959,2
S154004,2
S154081,2
S154103,2
S154153,2
S154171,2
S154172,2
S154257,2
S154335,2
S154377,2
S154535,2
S154542,2
S154654,2
S154723,2
S154739,2
S154817,2
S154851,2
S154869,2
S154882,2
S154920,2
S154974,2
S155198,2
S155215,2
S155221,2
S155240,2
S155252,2
S155292,2
S155294,2
S155391,2
S155467,2
S155500,2
S155854,2
S155860,2
S155873,2
S155954,2
S155965,2
S155966,2
S156021,2
S156042,2
S156084,2
S156099,2
S156123,2
S156125,2
S156128,2
S156171,2
S156226,2
S156457,2
S156677,2
S156683,2
S156692,2
S156805,2
S156914,2
S156973,2
S156998,2
S157107,2
S157111,2
S157194,2
S157201,2
S157241,2
S157267,2
S157315,2
S157351,2
S157375,2
S157518,2
S157533,2
S157594,2
S157609,2
S157671,2
S157681,2
S157724,2
S157745,2
S157917,2
S157982,2
S158108,2
S158182,2
S158194,2
S158201,2
S158227,2
S158286,2
S158353,2
S158427,2
S158572,2
S158583,2
S158692,2
S158746,2
S158749,2
S158868,2
S158911,2
S158955,2
S158977,2
S158995,2
S159026,2
S159056,2
S159057,2
S159123,2
S159127,2
S159184,2
S159191,2
S159231,2
S159372,2
S159518,2
S159568,2
S159681,2
S159693,2
S159707,2
S159720,2
S159833,2
S159919,2
S160016,2
S160029,2
S160094,2
S160110,2
S160111,2
S160124,2
S160140,2
S160299,2
S160366,2
S160375,2
S160439,2
S160451,2
S160509,2
S160550,2
S160551,2
S160559,2
S160625,2
S160641,2
S160830,2
S160846,2
S160894,2
S160912,2
S160922,2
S161086,2
S161101,2
S161116,2
S161117,2
S161143,2
S161144,2
S161153,2
S161157,2
S161161,2
S161181,2
S161228,2
S161318,2
S161321,2
S161514,2
S161529,2
S161535,2
S161546,2
S161547,2
S161662,2
S161674,2
S161697,2
S161756,2
S161767,2
S161808,2
S161815,2
S161825,2
S161828,2
S161835,2
S161862,2
S161923,2
S161982,2
S161985,2
S162019,2
S162024,2
S162080,2
S162098,2
S162201,2
S162340,2
S162341,2
S162412,2
S162458,2
S162572,2
S162653,2
S162659,2
S162669,2
S162725,2
S162747,2
S162763,2
S162871,2
S162930,2
S163079,2
S163099,2
S163152,2
S163199,2
S163279,2
S163307,2
S163322,2
S163332,2
S163372,2
S163393,2
S163395,2
S163396,2
S163423,2
S163424,2
S163428,2
S163454,2
S163533,2
S163605,2
S163784,2
S163848,2
S163867,2
S163907,2
S164066,2
S164084,2
S164150,2
S164214,2
S164439,2
S164555,2
S164559,2
S164731,2
S164747,2
S164824,2
S164882,2
S164928,2
S164942,2
S164975,2
S164980,2
S164991,2
S164994,2
S165003,2
S165025,2
S165078,2
S165080,2
S165150,2
S165159,2
S165215,2
S165237,2
S165253,2
S165329,2
S165399,2
S165438,2
S165526,2
S165551,2
S165572,2
S165580,2
S165646,2
S165653,2
S165693,2
S165732,2
S165765,2
S165813,2
S165829,2
S165843,2
S165850,2
S165876,2
S165902,2
S165905,2
S165927,2
S165928,2
S166019,2
S166049,2
S166080,2
S166147,2
S166170,2
S166232,2
S166238,2
S166314,2
S166336,2
S166391,2
S166436,2
S166540,2
S166617,2
S166649,2
S166674,2
S166802,2
S166943,2
S166960,2
S166984,2
S167103,2
S167152,2
S167177,2
S167226,2
S167245,2
S167250,2
S167279,2
S167354,2
S167360,2
S167434,2
S167490,2
S167698,2
S167717,2
S167723,2
S167735,2
S167800,2
S167801,2
S167844,2
S167890,2
S167909,2
S167914,2
S167929,2
S167962,2
S167993,2
S168034,2
S168075,2
S168109,2
S168216,2
S168217,2
S168222,2
S168223,2
S168225,2
S168226,2
S168240,2
S168319,2
S168351,2
S168408,2
S168435,2
S168444,2
S168484,2
S168489,2
S168506,2
S168524,2
S168555,2
S168741,2
S168907,2
S168946,2
S168947,2
S168948,2
S168973,2
S169044,2
S169059,2
S169070,2
S169071,2
S169086,2
S169098,2
S169115,2
S169261,2
S169262,2
S169289,2
S169303,2
S169311,2
S169320,2
S169343,2
S169359,2
S169376,2
S169435,2
S169467,2
S169481,2
S169772,2
S169779,2
S169853,2
S169861,2
S169890,2
S169931,2
S169969,2
S170074,2
S170192,2
S170302,2
S170304,2
S170436,2
S170521,2
S170542,2
S170548,2
S170585,2
S170600,2
S170672,2
S170779,2
S170785,2
S170802,2
S170925,2
S170926,2
S170952,2
S171055,2
S171074,2
S171134,2
S171178,2
S171180,2
S171293,2
S171297,2
S171347,2
S171348,2
S171391,2
S171393,2
S171492,2
S171499,2
S171548,2
S171728,2
S171745,2
S171941,2
S171956,2
S171984,2
S172001,2
S172032,2
S172044,2
S172046,2
S172255,2
S172289,2
S172298,2
S172356,2
S172380,2
S172599,2
S172600,2
S172701,2
S172764,2
S172771,2
S172775,2
S172793,2
S172859,2
S172912,2
S172917,2
S173040,2
S173065,2
S173086,2
S173223,2
S173245,2
S173383,2
S173431,2
S173471,2
S173669,2
S173705,2
S174258,2
S174263,2
S174266,2
S174267,2
S174281,2
S174282,2
S174287,2
S174289,2
S174336,2
S174337,2
S174402,2
S174448,2
S174449,2
S174661,2
S174697,2
S174699,2
S174745,2
S174758,2
S174798,2
S174838,2
S174841,2
S174867,2
S174878,2
S174880,2
S174904,2
S174938,2
S174947,2
S175094,2
S175120,2
S175173,2
S175183,2
S175185,2
S175219,2
S175222,2
S175308,2
S175343,2
S175461,2
S175481,2
S175491,2
S175512,2
S175518,2
S175565,2
S175607,2
S175620,2
S175650,2
S175717,2
S175738,2
S175767,2
S175770,2
S175772,2
S175790,2
S175810,2
S175824,2
S175844,2
S175856,2
S175857,2
S175893,2
S175896,2
S175915,2
S175977,2
S175987,2
S176004,2
S176067,2
S176084,2
S176100,2
S176133,2
S176194,2
S176252,2
S176266,2
S176290,2
S176369,2
S176410,2
S176449,2
S176485,2
S177039,2
S177142,2
S177172,2
S177210,2
S177333,2
S177355,2
S177408,2
S177511,2
S177692,2
S177776,2
S177800,2
S177815,2
S177899,2
S177983,2
S177998,2
S178000,2
S178017,2
S178043,2
S178091,2
S178114,2
S178121,2
S178243,2
S178244,2
S178265,2
S178318,2
S178406,2
S178455,2
S178543,2
S178558,2
S178682,2
S178857,2
S178923,2
S178952,2
S178982,2
S179104,2
S179113,2
S179179,2
S179190,2
S179229,2
S179265,2
S179297,2
S179361,2
S179362,2
S179399,2
S179562,2
S179717,2
S179747,2
S179764,2
S179817,2
S179849,2
S179864,2
S180023,2
S180081,2
S180141,2
S180158,2
S180159,2
S180161,2
S180190,2
S180272,2
S180406,2
S180429,2
S180491,2
S180502,2
S180616,2
S180663,2
S180669,2
S180741,2
S180750,2
S180757,2
S180806,2
S180919,2
S181075,2
S181112,2
S181121,2
S181129,2
S181169,2
S181172,2
S181178,2
S181180,2
S181206,2
S181217,2
S181229,2
S181418,2
S181420,2
S181459,2
S181549,2
S181578,2
S181580,2
S181612,2
S181632,2
S181636,2
S181786,2
S181820,2
S181833,2
S181880,2
S181991,2
S181996,2
S182014,2
S182031,2
S182041,2
S182055,2
S182155,2
S182174,2
S182189,2
S182197,2
S182303,2
S182308,2
S182311,2
S182443,2
S182450,2
S182512,2
S182519,2
S182524,2
S182552,2
S182557,2
S182558,2
S182673,2
S182835,2
S182872,2
S182881,2
S182984,2
S182999,2
S183011,2
S183038,2
S183096,2
S183130,2
S183131,2
S183140,2
S183216,2
S183261,2
S183264,2
S183397,2
S183506,2
S183510,2
S183514,2
S183612,2
S183653,2
S183655,2
S183686,2
S183705,2
S183748,2
S183782,2
S183802,2
S183874,2
S184017,2
S184027,2
S184028,2
S184031,2
S184111,2
S184112,2
S184114,2
S184120,2
S184165,2
S184224,2
S184260,2
S184303,2
S184319,2
S184344,2
S184352,2
S184370,2
S184371,2
S184663,2
S184754,2
S184827,2
S184848,2
S184982,2
S184997,2
S185011,2
S185061,2
S185147,2
S185160,2
S185277,2
S185294,2
S185339,2
S185356,2
S185413,2
S185477,2
S185489,2
S185539,2
S185641,2
S185710,2
S185715,2
S185762,2
S185764,2
S185803,2
S185875,2
S185900,2
S185958,2
S185960,2
S185963,2
S185981,2
S185995,2
S185996,2
S186072,2
S186097,2
S186103,2
S186165,2
S186166,2
S186196,2
S186221,2
S186325,2
S186344,2
S186345,2
S186366,2
S186476,2
S186492,2
S186591,2
S186594,2
S186596,2
S186598,2
S186608,2
S186614,2
S186756,2
S186817,2
S186880,2
S186926,2
S186935,2
S186958,2
S187088,2
S187091,2
S187100,2
S187105,2
S187114,2
S187234,2
S187255,2
S187261,2
S187285,2
S187360,2
S187362,2
S187364,2
S187373,2
S187382,2
S187460,2
S187501,2
S187597,2
S187647,2
S187648,2
S187694,2
S187697,2
S187700,2
S187703,2
S187761,2
S187797,2
S187895,2
S187927,2
S187930,2
S187978,2
S188082,2
S188095,2
S188108,2
S188234,2
S188236,2
S188378,2
S188394,2
S188413,2
S188527,2
S188586,2
S188589,2
S188591,2
S188635,2
S188778,2
S188780,2
S188782,2
S188802,2
S188813,2
S188822,2
S188882,2
S188889,2
S188920,2
S188971,2
S189046,2
S189079,2
S189116,2
S189218,2
S189240,2
S189245,2
S189260,2
S189274,2
S189324,2
S189349,2
S189405,2
S189524,2
S189525,2
S189604,2
S189651,2
S189679,2
S189706,2
S189840,2
S189915,2
S189921,2
S190002,2
S190043,2
S190045,2
S190048,2
S190072,2
S190078,2
S190085,2
S190089,2
S190225,2
S190345,2
S190358,2
S190362,2
S190373,2
S190405,2
S190406,2
S190409,2
S190436,2
S190533,2
S190557,2
S190606,2
S190614,2
S190641,2
S190657,2
S190722,2
S190817,2
S190844,2
S190869,2
S190889,2
S190905,2
S190990,2
S190992,2
S191112,2
S191127,2
S191146,2
S191213,2
S191241,2
S191246,2
S191272,2
S191275,2
S191285,2
S191378,2
S191392,2
S191407,2
S191440,2
S191449,2
S191484,2
S191485,2
S191509,2
S191512,2
S191546,2
S191555,2
S191565,2
S191578,2
S191596,2
S191646,2
S191657,2
S191658,2
S191661,2
S191662,2
S191705,2
S191770,2
S191833,2
S192310,2
S192316,2
S192342,2
S192457,2
S192520,2
S192605,2
S192635,2
S192641,2
S192664,2
S192690,2
S192710,2
S192790,2
S192871,2
S192872,2
S192873,2
S192874,2
S192911,2
S192912,2
S192932,2
S193087,2
S193154,2
S193392,2
S193483,2
S193504,2
S193522,2
S193654,2
S193764,2
S193776,2
S193791,2
S193811,2
S193861,2
S193896,2
S193901,2
S193903,2
S193910,2
S193933,2
S193996,2
S194088,2
S194164,2
S194250,2
S194264,2
S194403,2
S194404,2
S194430,2
S194451,2
S194452,2
S194703,2
S37735,2
S37930,2
S37932,2
S38437,2
S39043,2
S39108,2
S39334,2
S41769,2
S41797,2
S42688,2
S42724,2
S42759,2
S42789,2
S42880,2
S42945,2
S42946,2
S42993,2
S43381,2
S43455,2
S43552,2
S43564,2
S43837,2
S43843,2
S43859,2
S43865,2
S43866,2
S43879,2
S43884,2
S44003,2
S44040,2
S44063,2
S44085,2
S44340,2
S44627,2
S44739,2
S44743,2
S44759,2
S44787,2
S44813,2
S44820,2
S44850,2
S44945,2
S45093,2
S45098,2
S45110,2
S45131,2
S45223,2
S45228,2
S45269,2
S45320,2
S45321,2
S45364,2
S45418,2
S47695,2
S47697,2
S47747,2
S47851,2
S47879,2
S47901,2
S47904,2
S47964,2
S48312,2
S48315,2
S48325,2
S48374,2
S48565,2
S48608,2
S48616,2
S48670,2
S48704,2
S49127,2
S49162,2
S49209,2
S49387,2
S49391,2
S49394,2
S49402,2
S49483,2
S49505,2
S49538,2
S49585,2
S49603,2
S49606,2
S49609,2
S50267,2
S50416,2
S50577,2
S50596,2
S50713,2
S50723,2
S50775,2
S50822,2
S50871,2
S50873,2
S50966,2
S50992,2
S51017,2
S51024,2
S51041,2
S51145,2
S51224,2
S51269,2
S51329,2
S51400,2
S51536,2
S51566,2
S51656,2
S51659,2
S51756,2
S51792,2
S51869,2
S51899,2
S51940,2
S52004,2
S52047,2
S52066,2
S52157,2
S52164,2
S52231,2
S52232,2
S52248,2
S52258,2
S52320,2
S52325,2
S52527,2
S52552,2
S52592,2
S52687,2
S52689,2
S52711,2
S52987,2
S53023,2
S53088,2
S53167,2
S53194,2
S53237,2
S53241,2
S53250,2
S53487,2
S53513,2
S53599,2
S53600,2
S53725,2
S53736,2
S53741,2
S53771,2
S53828,2
S53877,2
S53926,2
S53948,2
S53980,2
S54154,2
S54270,2
S54297,2
S54365,2
S54371,2
S54438,2
S54441,2
S54568,2
S54583,2
S54678,2
S54761,2
S54780,2
S54955,2
S54979,2
S54996,2
S55000,2
S55074,2
S55154,2
S55190,2
S55195,2
S55231,2
S55482,2
S55507,2
S55524,2
S55554,2
S55612,2
S55656,2
S55662,2
S55662,2
S55893,2
S55937,2
S56168,2
S56281,2
S56408,2
S56430,2
S56443,2
S56533,2
S56577,2
S56693,2
S56726,2
S56737,2
S56831,2
S56881,2
S56900,2
S56921,2
S56930,2
S56988,2
S57004,2
S57129,2
S57202,2
S57222,2
S57291,2
S57458,2
S57513,2
S57639,2
S57642,2
S57696,2
S57712,2
S57778,2
S57852,2
S57853,2
S57886,2
S57901,2
S58026,2
S58029,2
S58123,2
S58166,2
S58170,2
S58263,2
S58276,2
S58404,2
S58501,2
S58551,2
S58567,2
S58578,2
S58591,2
S58597,2
S58625,2
S58632,2
S58707,2
S58800,2
S58852,2
S58875,2
S58926,2
S58963,2
S58974,2
S58982,2
S59001,2
S59005,2
S59069,2
S59073,2
S59074,2
S59088,2
S59102,2
S59151,2
S59153,2
S59156,2
S59269,2
S59277,2
S59278,2
S59282,2
S59369,2
S59424,2
S59523,2
S59526,2
S59603,2
S59725,2
S59949,2
S60000,2
S60099,2
S60152,2
S60155,2
S60214,2
S60226,2
S60289,2
S60359,2
S60372,2
S60402,2
S60469,2
S60495,2
S60521,2
S60570,2
S60576,2
S60663,2
S60675,2
S60770,2
S60784,2
S60793,2
S60920,2
S61005,2
S61068,2
S61074,2
S61166,2
S61169,2
S61179,2
S61204,2
S61274,2
S61283,2
S61452,2
S61468,2
S61495,2
S61527,2
S61557,2
S61574,2
S61683,2
S61763,2
S61807,2
S61826,2
S61860,2
S62022,2
S62084,2
S62233,2
S62266,2
S62375,2
S62452,2
S62454,2
S62461,2
S62465,2
S62474,2
S62512,2
S62582,2
S62787,2
S62851,2
S62928,2
S62948,2
S63014,2
S63020,2
S63075,2
S63104,2
S63105,2
S63185,2
S63407,2
S63618,2
S63639,2
S63918,2
S63953,2
S64218,2
S64255,2
S64291,2
S64342,2
S64438,2
S64647,2
S64650,2
S64749,2
S65098,2
S65329,2
S65361,2
S65504,2
S65592,2
S65704,2
S65866,2
S65886,2
S65916,2
S65921,2
S66049,2
S66120,2
S66386,2
S66601,2
S66692,2
S66738,2
S66750,2
S66872,2
S66886,2
S66894,2
S67008,2
S67389,2
S67678,2
S67967,2
S68002,2
S68344,2
S68372,2
S68376,2
S68458,2
S68461,2
S68466,2
S68515,2
S68524,2
S68619,2
S68630,2
S68653,2
S68834,2
S68888,2
S69078,2
S69244,2
S69247,2
S69609,2
S69774,2
S69951,2
S70002,2
S70007,2
S70356,2
S70414,2
S70449,2
S70450,2
S70555,2
S70558,2
S70584,2
S70596,2
S70603,2
S70612,2
S70631,2
S70685,2
S70761,2
S70791,2
S70877,2
S70943,2
S70963,2
S71027,2
S71065,2
S71089,2
S71093,2
S71112,2
S71116,2
S71192,2
S71198,2
S71210,2
S71328,2
S71347,2
S71351,2
S71374,2
S71381,2
S71461,2
S71463,2
S71706,2
S71784,2
S71785,2
S71789,2
S71920,2
S71923,2
S72023,2
S72098,2
S72148,2
S72215,2
S72222,2
S72281,2
S72352,2
S72395,2
S72679,2
S72748,2
S72789,2
S72935,2
S72963,2
S73249,2
S73249,2
S73285,2
S73374,2
S73376,2
S73389,2
S73394,2
S73401,2
S73482,2
S73510,2
S73564,2
S73780,2
S73863,2
S73900,2
S74009,2
S74203,2
S74374,2
S74570,2
S74610,2
S74679,2
S74724,2
S74933,2
S75046,2
S75109,2
S75176,2
S75206,2
S75263,2
S75265,2
S75276,2
S75367,2
S75371,2
S75403,2
S75687,2
S75816,2
S75819,2
S75916,2
S75958,2
S76102,2
S76274,2
S76297,2
S76348,2
S76349,2
S76398,2
S76642,2
S76679,2
S76690,2
S76731,2
S76734,2
S77068,2
S77082,2
S77139,2
S77142,2
S77149,2
S77187,2
S77218,2
S77262,2
S77266,2
S77338,2
S77342,2
S77494,2
S77864,2
S77978,2
S78005,2
S78345,2
S78346,2
S78354,2
S78366,2
S78407,2
S78410,2
S78744,2
S78784,2
S78991,2
S79061,2
S79070,2
S79126,2
S79212,2
S79233,2
S79305,2
S79307,2
S79336,2
S79342,2
S79363,2
S79473,2
S79499,2
S79500,2
S79652,2
S79671,2
S79714,2
S79748,2
S79760,2
S79826,2
S79842,2
S79912,2
S79964,2
S79980,2
S79984,2
S80205,2
S80254,2
S80288,2
S80291,2
S80458,2
S80556,2
S80558,2
S80733,2
S80829,2
S80837,2
S80993,2
S81040,2
S81055,2
S81334,2
S81347,2
S81417,2
S81701,2
S81757,2
S81880,2
S82002,2
S82079,2
S82108,2
S82245,2
S82454,2
S82457,2
S82477,2
S82478,2
S82595,2
S82614,2
S82785,2
S82886,2
S82908,2
S82928,2
S82933,2
S82973,2
S83016,2
S83039,2
S83068,2
S83093,2
S83116,2
S83184,2
S83209,2
S83281,2
S83467,2
S83602,2
S83676,2
S83848,2
S83974,2
S83975,2
S83999,2
S84161,2
S84393,2
S84477,2
S84705,2
S84769,2
S84797,2
S84946,2
S84948,2
S84968,2
S84981,2
S85247,2
S85315,2
S85391,2
S85393,2
S85428,2
S85429,2
S85454,2
S85455,2
S85472,2
S85505,2
S85530,2
S85540,2
S85559,2
S85914,2
S85941,2
S85966,2
S86056,2
S86070,2
S86071,2
S86118,2
S86308,2
S86369,2
S86659,2
S86745,2
S86902,2
S86919,2
S87577,2
S87699,2
S87722,2
S87830,2
S87991,2
S88125,2
S88210,2
S88331,2
S88383,2
S88464,2
S88499,2
S88572,2
S88626,2
S88712,2
S88728,2
S88740,2
S88803,2
S88803,2
S88805,2
S88812,2
S88996,2
S89017,2
S89038,2
S89084,2
S89172,2
S89256,2
S89281,2
S89325,2
S89340,2
S89420,2
S89428,2
S89520,2
S89563,2
S89610,2
S89640,2
S89688,2
S89692,2
S89752,2
S89785,2
S89836,2
S89849,2
S89899,2
S90039,2
S90145,2
S90181,2
S90222,2
S90260,2
S90265,2
S90375,2
S90402,2
S90452,2
S90476,2
S90505,2
S90569,2
S90605,2
S90606,2
S90608,2
S90714,2
S90884,2
S90901,2
S90919,2
S90962,2
S90999,2
S91096,2
S91097,2
S91228,2
S91267,2
S91324,2
S91334,2
S91554,2
S91577,2
S91628,2
S91666,2
S91699,2
S91818,2
S91834,2
S91927,2
S92164,2
S92275,2
S92290,2
S92478,2
S92481,2
S92603,2
S92705,2
S92745,2
S92763,2
S92824,2
S92830,2
S92839,2
S92851,2
S92935,2
S92968,2
S93128,2
S93287,2
S93296,2
S93337,2
S93458,2
S93604,2
S93663,2
S93671,2
S93673,2
S93718,2
S93837,2
S93852,2
S93864,2
S93898,2
S93940,2
S93988,2
S93996,2
S94008,2
S94049,2
S94050,2
S94085,2
S94097,2
S94200,2
S94228,2
S94290,2
S94365,2
S94487,2
S94602,2
S94612,2
S94854,2
S95005,2
S95057,2
S95137,2
S95151,2
S95170,2
S95231,2
S95389,2
S95478,2
S95662,2
S95694,2
S95766,2
S95779,2
S95903,2
S95918,2
S95998,2
S96086,2
S96120,2
S96124,2
S96138,2
S96207,2
S96265,2
S96310,2
S96311,2
S96425,2
S96527,2
S96538,2
S96696,2
S96876,2
S96908,2
S96989,2
S96994,2
S97070,2
S97071,2
S97073,2
S97079,2
S97081,2
S97093,2
S97096,2
S97112,2
S97120,2
S97221,2
S97263,2
S97271,2
S97352,2
S97392,2
S97442,2
S97443,2
S97446,2
S97473,2
S97479,2
S97480,2
S97520,2
S97531,2
S97643,2
S97769,2
S97818,2
S97827,2
S97868,2
S97909,2
S97916,2
S97970,2
S97971,2
S97990,2
S97998,2
S98001,2
S98069,2
S98095,2
S98124,2
S98159,2
S98178,2
S98250,2
S98292,2
S98349,2
S98461,2
S98495,2
S98631,2
S98639,2
S98706,2
S98793,2
S98794,2
S98886,2
S98902,2
S98938,2
S98978,2
S98998,2
S99052,2
S99092,2
S99153,2
S99183,2
S99213,2
S99255,2
S99278,2
S99528,2
S99536,2
S99552,2
S99587,2
S99670,2
S99673,2
S99726,2
S99756,2
S99810,2
S99817,2
S99841,2
S99872,2
S99979,2
S99991,2
V10059,2
V10116,2
V10243,2
V10274,2
V10313,2
V10924,2
V10926,2
V10957,2
V10968,2
V11079,2
V11149,2
V11292,2
V11497,2
V11500,2
V11580,2
V11582,2
V11667,2
V11674,2
V11733,2
V11750,2
V11784,2
V11836,2
V11837,2
V11839,2
V11854,2
V11861,2
V11875,2
V11952,2
V12067,2
V12077,2
V12121,2
V12123,2
V12148,2
V12173,2
V12187,2
V12199,2
V12209,2
V12238,2
V12239,2
V12248,2
V12261,2
V12275,2
V12292,2
V12317,2
V12334,2
V12364,2
V12365,2
V12368,2
V12383,2
V12384,2
V12392,2
V12393,2
V12441,2
V14980,2
V15060,2
V15704,2
V17310,2
V17438,2
V18171,2
V18379,2
V3889,2
V4059,2
V4109,2
V4173,2
V4327,2
V4346,2
V4402,2
V4418,2
V4466,2
V4469,2
V4751,2
V4856,2
V4859,2
V4868,2
V4872,2
V4961,2
V5033,2
V5050,2
V5139,2
V5161,2
V5293,2
V5330,2
V5352,2
V5406,2
V5413,2
V5524,2
V5629,2
V5640,2
V5694,2
V5697,2
V5749,2
V5779,2
V5794,2
V5947,2
V5960,2
V5965,2
V6011,2
V6014,2
V6028,2
V6032,2
V6035,2
V6043,2
V6087,2
V6137,2
V6229,2
V6244,2
V6460,2
V6764,2
V6815,2
V6842,2
V6872,2
V7122,2
V7303,2
V7557,2
V7616,2
V7776,2
V7930,2
V7964,2
V8002,2
V8160,2
V8186,2
V8192,2
V8207,2
V8249,2
V8358,2
V8367,2
V8380,2
V8468,2
V8562,2
V8589,2
V8648,2
V8784,2
V8809,2
V8852,2
V8904,2
V9055,2
V9118,2
V9180,2
V9184,2
V9213,2
V9227,2
V9373,2
V9390,2
V9391,2
V9423,2
V9524,2
V9612,2
V9625,2
V9711,2
V9743,2
V9840,2
