Timestamp_ms,CPU_Usage,Memory_MB
1739981559688,195.4,95.12
1739981559694,0.0,95.12
1739981559699,193.9,95.12
1739981559705,0.0,95.12
1739981559711,192.1,95.12
1739981559716,0.0,95.12
1739981559722,193.5,95.12
1739981559728,193.4,95.12
1739981559733,0.0,95.12
1739981559739,0.0,98.49
1739981559745,0.0,98.49
1739981559750,194.5,98.49
1739981559756,0.0,99.49
1739981559761,193.6,102.87
1739981559767,194.7,106.24
1739981559773,0.0,109.49
1739981559778,195.7,112.62
1739981559784,0.0,115.74
1739981559790,193.3,119.24
1739981559796,192.2,122.74
1739981559801,0.0,125.74
1739981559807,0.0,128.74
1739981559812,193.4,131.87
1739981559818,0.0,136.12
1739981559824,0.0,143.99
1739981559830,193.1,151.74
1739981559835,193.4,159.62
1739981559841,0.0,167.24
1739981559846,195.0,174.87
1739981559852,0.0,182.87
1739981559858,193.4,190.74
1739981559863,0.0,198.62
1739981559869,194.7,206.49
1739981559875,0.0,214.37
1739981559881,194.2,221.99
1739981559886,0.0,229.49
1739981559892,193.6,237.49
1739981559897,0.0,244.87
1739981559902,196.4,252.12
1739981559908,0.0,259.37
1739981559913,197.0,266.49
1739981559918,197.0,273.62
1739981559923,0.0,280.87
1739981559928,197.0,288.12
1739981559934,196.6,295.24
1739981559939,0.0,302.37
1739981559944,0.0,309.62
1739981559949,196.8,316.87
1739981559954,0.0,323.99
1739981559959,197.1,331.12
1739981559965,0.0,338.24
1739981559970,197.0,345.49
1739981559975,0.0,352.62
1739981559980,197.1,359.74
1739981559985,0.0,367.12
1739981559991,196.3,374.49
1739981559996,0.0,381.74
1739981560001,196.8,388.87
1739981560006,0.0,396.12
1739981560012,196.9,403.37
1739981560017,0.0,410.62
1739981560022,197.0,417.49
1739981560027,196.8,424.74
1739981560032,0.0,432.24
1739981560038,194.2,439.99
1739981560044,0.0,447.62
1739981560049,196.0,455.12
1739981560054,0.0,462.87
1739981560060,195.2,470.62
1739981560065,0.0,478.24
1739981560071,195.4,485.99
1739981560077,0.0,493.99
1739981560082,194.9,501.62
1739981560088,0.0,509.12
1739981560093,195.7,516.87
1739981560099,195.2,524.62
1739981560104,194.9,532.24
1739981560110,0.0,539.99
1739981560115,193.4,547.87
1739981560121,0.0,555.62
1739981560127,194.3,563.62
1739981560132,0.0,571.37
1739981560138,193.3,579.37
1739981560144,0.0,587.12
1739981560149,193.4,595.12
1739981560155,0.0,603.12
1739981560161,194.7,610.87
1739981560166,0.0,618.12
1739981560171,195.1,625.74
1739981560177,195.4,633.37
1739981560182,0.0,640.74
1739981560188,0.0,646.99
1739981560193,0.0,649.99
1739981560198,0.0,652.74
1739981560203,197.0,655.62
1739981560209,196.9,658.49
1739981560214,0.0,661.37
1739981560219,197.1,664.37
1739981560224,0.0,667.24
1739981560229,197.1,670.12
1739981560234,0.0,672.99
1739981560239,197.0,675.87
1739981560245,194.6,678.87
1739981560250,0.0,681.87
1739981560255,0.0,684.99
1739981560261,196.1,687.99
1739981560266,196.0,690.99
1739981560272,0.0,693.99
1739981560277,196.0,696.99
1739981560283,0.0,699.87
1739981560288,0.0,702.87
1739981560293,390.2,705.87
1739981560299,0.0,708.99
1739981560304,0.0,711.99
1739981560310,195.8,714.99
1739981560315,0.0,718.12
1739981560321,196.1,721.12
1739981560326,195.9,724.12
1739981560332,0.0,727.12
1739981560337,0.0,730.24
1739981560343,389.1,733.24
1739981560348,0.0,736.24
1739981560353,0.0,739.12
1739981560359,0.0,742.24
1739981560364,195.1,745.24
1739981560370,195.9,748.24
1739981560375,0.0,751.37
1739981560381,0.0,754.37
1739981560386,393.0,757.37
1739981560392,0.0,760.37
1739981560397,196.0,763.37
1739981560403,0.0,766.49
1739981560408,195.7,769.49
1739981560413,0.0,772.49
1739981560419,195.9,769.41
1739981560424,0.0,684.35
1739981560430,196.1,684.48
1739981560435,0.0,684.48
1739981560441,0.0,684.48
1739981560446,0.0,684.48
1739981560452,0.0,684.48
1739981560457,0.0,684.48
1739981560463,0.0,684.48
1739981560468,0.0,684.48
1739981560474,0.0,684.48
1739981560479,0.0,684.48
1739981560485,0.0,684.48
1739981560490,0.0,684.48
1739981560496,0.0,684.48
1739981560501,0.0,684.48
1739981560507,0.0,684.48
1739981560512,0.0,684.48
1739981560518,0.0,684.48
1739981560523,0.0,684.48
1739981560529,0.0,684.48
1739981560535,0.0,684.6
1739981560540,196.2,684.6
1739981560545,196.7,684.6
1739981560551,0.0,684.6
1739981560556,0.0,684.6
1739981560561,0.0,684.6
1739981560566,0.0,684.6
1739981560571,0.0,684.6
1739981560576,0.0,684.6
1739981560582,0.0,684.6
1739981560587,0.0,684.6
1739981560592,0.0,684.6
1739981560598,0.0,684.6
1739981560603,0.0,684.6
1739981560609,0.0,684.6
1739981560615,0.0,684.6
1739981560621,0.0,684.6
1739981560626,0.0,684.6
1739981560631,0.0,684.6
1739981560636,0.0,684.6
1739981560641,0.0,684.6
1739981560647,0.0,684.6
1739981560652,0.0,684.6
1739981560657,0.0,684.6
1739981560662,0.0,684.6
1739981560667,0.0,684.6
1739981560672,0.0,684.6
1739981560678,0.0,684.6
1739981560683,0.0,684.6
1739981560688,0.0,684.6
1739981560693,0.0,684.6
1739981560699,0.0,684.6
1739981560704,0.0,684.6
1739981560709,0.0,684.6
1739981560714,0.0,684.6
1739981560720,0.0,684.6
1739981560725,0.0,684.6
1739981560730,0.0,684.6
1739981560735,0.0,684.6
1739981560740,0.0,684.6
1739981560745,0.0,684.6
1739981560751,0.0,684.6
1739981560756,0.0,684.6
1739981560761,0.0,684.6
1739981560766,0.0,684.6
1739981560771,0.0,684.6
1739981560777,0.0,684.6
1739981560782,0.0,684.6
1739981560787,0.0,684.6
1739981560792,0.0,684.6
1739981560797,0.0,684.6
1739981560803,0.0,684.6
1739981560808,0.0,684.6
1739981560814,0.0,684.6
1739981560819,0.0,684.6
1739981560825,0.0,684.6
1739981560831,0.0,684.6
1739981560836,0.0,684.6
1739981560842,0.0,684.6
1739981560848,0.0,684.6
1739981560853,0.0,684.6
1739981560859,0.0,684.6
1739981560865,0.0,684.6
1739981560871,0.0,684.6
1739981560876,0.0,684.6
1739981560882,0.0,684.6
1739981560888,0.0,684.6
1739981560893,0.0,684.6
1739981560899,0.0,684.6
1739981560904,0.0,684.6
1739981560910,0.0,684.6
1739981560915,0.0,684.6
1739981560921,0.0,684.6
1739981560926,0.0,684.6
1739981560932,0.0,684.6
1739981560938,0.0,684.6
1739981560943,0.0,684.6
1739981560949,0.0,684.6
1739981560955,0.0,684.6
1739981560960,0.0,684.6
1739981560966,0.0,684.6
1739981560972,0.0,684.6
1739981560978,0.0,684.6
1739981560983,0.0,684.6
1739981560988,0.0,684.6
1739981560993,0.0,684.6
1739981560999,0.0,684.6
1739981561005,0.0,684.6
1739981561010,0.0,684.6
1739981561016,0.0,684.6
1739981561022,0.0,684.6
1739981561027,0.0,684.6
1739981561033,0.0,684.6
1739981561038,0.0,684.6
1739981561044,0.0,684.6
1739981561050,0.0,684.6
1739981561055,0.0,684.6
1739981561061,0.0,684.6
1739981561066,0.0,684.6
1739981561072,0.0,684.6
1739981561078,0.0,684.6
1739981561083,0.0,684.6
1739981561089,0.0,684.6
1739981561094,0.0,684.6
1739981561100,0.0,684.6
1739981561106,0.0,684.6
1739981561111,0.0,684.6
1739981561117,0.0,684.6
1739981561123,0.0,684.6
1739981561128,0.0,684.6
1739981561134,0.0,684.6
1739981561139,0.0,684.6
1739981561145,0.0,684.6
1739981561150,0.0,684.6
1739981561155,0.0,684.6
1739981561161,0.0,684.6
1739981561166,0.0,684.6
1739981561172,0.0,684.6
1739981561177,0.0,684.6
1739981561183,0.0,684.6
1739981561189,0.0,684.6
1739981561194,0.0,684.6
1739981561200,0.0,684.6
1739981561205,0.0,684.6
1739981561211,0.0,684.6
1739981561217,0.0,684.6
1739981561222,0.0,684.6
1739981561228,0.0,684.6
1739981561233,0.0,684.6
1739981561239,0.0,684.6
1739981561244,0.0,684.6
1739981561250,0.0,684.6
1739981561255,0.0,684.6
1739981561260,0.0,684.6
1739981561266,0.0,684.6
1739981561271,0.0,684.6
1739981561277,0.0,684.6
1739981561283,0.0,684.6
1739981561288,0.0,684.6
1739981561294,0.0,684.6
1739981561300,0.0,684.6
1739981561305,0.0,684.6
1739981561311,0.0,684.6
1739981561317,0.0,684.6
1739981561322,0.0,684.6
1739981561328,0.0,684.6
1739981561334,0.0,684.6
1739981561339,0.0,684.6
1739981561344,0.0,684.6
1739981561350,0.0,684.6
1739981561355,0.0,684.6
1739981561360,0.0,684.6
1739981561366,0.0,684.6
1739981561371,0.0,684.6
1739981561376,0.0,684.6
1739981561382,0.0,684.6
1739981561388,0.0,684.6
1739981561393,0.0,684.6
1739981561399,0.0,684.6
1739981561404,0.0,684.6
1739981561409,0.0,684.6
1739981561415,0.0,684.6
1739981561420,0.0,684.6
1739981561425,0.0,684.6
1739981561430,0.0,684.6
1739981561435,0.0,684.6
1739981561441,0.0,684.6
1739981561446,0.0,684.6
1739981561452,0.0,684.6
1739981561457,0.0,684.6
1739981561462,0.0,684.6
1739981561468,0.0,684.6
1739981561473,0.0,684.6
1739981561478,0.0,684.6
1739981561483,0.0,684.6
1739981561489,0.0,684.6
1739981561494,0.0,684.6
1739981561499,0.0,684.6
1739981561504,0.0,684.6
1739981561510,0.0,684.6
1739981561515,0.0,684.6
1739981561520,0.0,684.6
1739981561526,0.0,684.6
1739981561531,0.0,684.6
1739981561537,0.0,684.6
1739981561542,0.0,684.6
1739981561548,0.0,684.6
1739981561554,0.0,684.6
1739981561560,0.0,684.6
1739981561565,0.0,684.6
1739981561571,0.0,684.6
1739981561576,0.0,684.6
1739981561582,0.0,684.6
1739981561588,0.0,684.6
1739981561593,0.0,684.6
1739981561599,0.0,684.6
1739981561604,0.0,684.6
1739981561610,0.0,684.6
1739981561616,0.0,684.6
1739981561621,0.0,684.6
1739981561627,0.0,684.6
1739981561633,0.0,684.6
1739981561639,0.0,684.6
1739981561644,0.0,684.6
1739981561650,0.0,684.6
1739981561655,0.0,684.6
1739981561661,0.0,684.6
1739981561667,0.0,684.6
1739981561673,0.0,684.6
1739981561678,0.0,684.6
1739981561684,0.0,684.6
1739981561690,0.0,684.6
1739981561695,0.0,684.6
1739981561701,0.0,684.6
1739981561707,0.0,684.6
1739981561712,0.0,684.6
1739981561718,0.0,684.6
1739981561724,0.0,684.6
1739981561729,0.0,684.6
1739981561735,0.0,684.6
1739981561741,0.0,684.6
1739981561747,0.0,684.6
1739981561752,0.0,684.6
1739981561758,0.0,684.6
1739981561764,0.0,684.6
1739981561769,0.0,684.6
1739981561775,0.0,684.6
1739981561781,0.0,684.6
1739981561787,0.0,684.6
1739981561792,0.0,684.6
1739981561798,0.0,684.6
1739981561804,0.0,684.6
1739981561809,0.0,684.6
1739981561815,0.0,684.6
1739981561821,0.0,684.6
1739981561827,0.0,684.6
1739981561832,0.0,684.6
1739981561838,0.0,684.6
1739981561843,0.0,684.6
1739981561849,0.0,684.6
1739981561854,0.0,684.6
1739981561860,0.0,684.6
1739981561865,0.0,684.6
1739981561871,0.0,684.6
1739981561877,0.0,684.6
1739981561883,0.0,684.6
1739981561888,0.0,684.6
1739981561894,0.0,684.6
1739981561900,0.0,684.6
1739981561905,0.0,684.6
1739981561911,0.0,684.6
1739981561917,0.0,684.6
1739981561922,0.0,684.6
1739981561928,0.0,684.6
1739981561934,0.0,684.6
1739981561939,0.0,684.6
1739981561945,0.0,684.6
1739981561951,0.0,684.6
1739981561957,0.0,684.6
1739981561962,0.0,684.6
1739981561967,0.0,684.6
1739981561972,0.0,684.6
1739981561978,0.0,684.6
1739981561983,0.0,684.6
1739981561988,0.0,684.6
1739981561993,0.0,684.6
1739981561999,0.0,684.6
1739981562005,0.0,684.6
1739981562010,0.0,684.6
1739981562015,0.0,684.6
1739981562021,0.0,684.6
1739981562026,0.0,684.6
1739981562032,0.0,684.6
1739981562038,0.0,684.6
1739981562043,0.0,684.6
1739981562049,0.0,684.6
1739981562055,0.0,684.6
1739981562060,0.0,684.6
1739981562066,0.0,684.6
1739981562071,0.0,684.6
1739981562077,0.0,684.6
1739981562083,0.0,684.6
1739981562088,0.0,684.6
1739981562094,0.0,684.6
1739981562099,0.0,684.6
1739981562105,0.0,684.6
1739981562110,0.0,684.6
1739981562116,0.0,684.6
1739981562121,0.0,684.6
1739981562127,0.0,684.6
1739981562132,0.0,684.6
1739981562138,0.0,684.6
1739981562143,0.0,684.6
1739981562149,0.0,684.6
1739981562154,0.0,684.6
1739981562160,0.0,684.6
1739981562165,0.0,684.6
1739981562171,0.0,684.6
1739981562177,0.0,684.6
1739981562182,0.0,684.6
1739981562188,0.0,684.6
1739981562193,0.0,684.6
1739981562199,0.0,684.6
1739981562205,0.0,684.6
1739981562210,0.0,684.6
1739981562216,0.0,684.6
1739981562222,0.0,684.6
1739981562227,0.0,684.6
1739981562233,0.0,684.6
1739981562239,0.0,684.6
1739981562244,0.0,684.6
1739981562250,0.0,684.6
1739981562256,0.0,684.6
1739981562262,0.0,684.6
1739981562267,0.0,684.6
1739981562273,0.0,684.6
1739981562279,0.0,684.6
1739981562284,0.0,684.6
1739981562290,0.0,684.6
1739981562296,0.0,684.6
1739981562301,0.0,684.6
1739981562307,0.0,684.6
1739981562312,0.0,684.6
1739981562318,0.0,684.6
1739981562324,0.0,684.6
1739981562329,0.0,684.6
1739981562335,0.0,684.6
1739981562341,0.0,684.6
1739981562346,0.0,684.6
1739981562352,0.0,684.6
1739981562358,0.0,684.6
1739981562363,0.0,684.6
1739981562369,0.0,684.6
1739981562374,0.0,684.6
1739981562380,0.0,684.6
1739981562386,0.0,684.6
1739981562392,0.0,684.6
1739981562397,0.0,684.6
1739981562403,0.0,684.6
1739981562408,0.0,684.6
1739981562414,0.0,684.6
1739981562420,0.0,684.6
1739981562425,0.0,684.6
1739981562431,0.0,684.6
1739981562437,0.0,684.6
1739981562442,0.0,684.6
1739981562448,0.0,684.6
1739981562454,0.0,684.6
1739981562459,0.0,684.6
1739981562465,0.0,684.6
1739981562470,0.0,684.6
1739981562476,0.0,684.6
1739981562482,0.0,684.6
1739981562487,0.0,684.6
1739981562493,0.0,684.6
1739981562499,0.0,684.6
1739981562504,0.0,684.6
1739981562510,0.0,684.6
1739981562516,0.0,684.6
1739981562521,0.0,684.6
1739981562527,0.0,684.6
1739981562532,0.0,684.6
1739981562538,0.0,684.6
1739981562544,0.0,684.6
1739981562549,0.0,684.6
1739981562555,0.0,684.6
1739981562561,0.0,684.6
1739981562566,0.0,684.6
1739981562572,0.0,684.6
1739981562578,0.0,684.6
1739981562583,0.0,684.6
1739981562589,0.0,684.6
1739981562595,0.0,684.6
1739981562600,0.0,684.6
1739981562606,0.0,684.6
1739981562612,0.0,684.6
1739981562617,0.0,684.6
1739981562623,0.0,684.6
1739981562628,0.0,684.6
1739981562633,0.0,684.6
1739981562639,0.0,684.6
1739981562644,0.0,684.6
1739981562649,0.0,684.6
1739981562655,0.0,684.6
1739981562661,0.0,684.6
1739981562666,0.0,684.6
1739981562671,0.0,684.6
1739981562677,0.0,684.6
1739981562682,0.0,684.6
1739981562687,0.0,684.6
1739981562692,0.0,684.6
1739981562697,0.0,684.6
1739981562703,0.0,684.6
1739981562708,0.0,684.6
1739981562713,0.0,684.6
1739981562718,0.0,684.6
1739981562723,0.0,684.6
1739981562729,0.0,684.6
1739981562735,0.0,684.6
1739981562740,0.0,684.6
1739981562745,0.0,684.6
1739981562751,0.0,684.6
1739981562757,0.0,684.6
1739981562762,0.0,684.6
1739981562768,0.0,684.6
1739981562774,0.0,684.6
1739981562779,0.0,684.6
1739981562785,0.0,684.6
1739981562791,0.0,684.6
1739981562796,0.0,684.6
1739981562802,0.0,684.6
1739981562808,0.0,684.6
1739981562813,0.0,684.6
1739981562819,0.0,684.6
1739981562825,0.0,684.6
1739981562830,0.0,684.6
1739981562836,0.0,684.6
1739981562842,0.0,684.6
1739981562847,0.0,684.6
1739981562852,0.0,684.6
1739981562857,0.0,684.6
1739981562862,0.0,684.6
1739981562867,0.0,684.6
1739981562873,0.0,684.6
1739981562878,0.0,684.6
1739981562883,0.0,684.6
1739981562888,0.0,684.6
1739981562893,0.0,684.6
1739981562898,0.0,684.6
1739981562903,0.0,684.6
1739981562909,0.0,684.6
1739981562915,0.0,684.6
1739981562921,0.0,684.6
1739981562926,0.0,684.6
1739981562932,0.0,684.6
1739981562938,0.0,684.6
1739981562943,0.0,684.6
1739981562949,0.0,684.6
1739981562954,0.0,684.6
1739981562960,0.0,684.6
1739981562965,0.0,684.6
1739981562971,0.0,684.6
1739981562976,0.0,684.6
1739981562981,0.0,684.6
1739981562986,0.0,684.6
1739981562991,0.0,684.6
1739981562996,0.0,684.6
1739981563002,0.0,684.6
1739981563007,0.0,684.6
1739981563012,0.0,684.6
1739981563018,0.0,684.6
1739981563023,0.0,684.6
1739981563029,0.0,684.6
1739981563034,0.0,684.6
1739981563040,0.0,684.6
1739981563046,0.0,684.6
1739981563051,0.0,684.6
1739981563057,0.0,684.6
1739981563063,0.0,684.6
1739981563068,0.0,684.6
1739981563074,0.0,684.6
1739981563080,0.0,684.6
1739981563085,0.0,684.6
1739981563091,0.0,684.6
1739981563097,0.0,684.6
1739981563102,0.0,684.6
1739981563108,0.0,684.6
1739981563113,0.0,684.6
1739981563119,0.0,684.6
1739981563125,0.0,684.6
1739981563130,0.0,684.6
1739981563136,0.0,684.6
1739981563142,0.0,684.6
1739981563147,0.0,684.6
1739981563152,0.0,684.6
1739981563157,0.0,684.6
1739981563162,0.0,684.6
1739981563168,0.0,684.6
1739981563173,0.0,684.6
1739981563178,0.0,684.6
1739981563183,0.0,684.6
1739981563188,0.0,684.6
1739981563193,0.0,684.6
1739981563199,0.0,684.6
1739981563204,0.0,684.6
1739981563209,195.3,684.6
1739981563215,0.0,684.6
1739981563220,0.0,684.6
1739981563226,197.0,684.6
1739981563231,0.0,684.6
1739981563236,0.0,684.6
1739981563241,0.0,684.6
1739981563246,0.0,684.6
1739981563252,0.0,684.6
1739981563257,0.0,684.6
1739981563262,0.0,684.6
1739981563267,0.0,684.6
1739981563273,0.0,684.6
1739981563279,0.0,684.6
1739981563284,0.0,684.6
1739981563290,0.0,684.6
1739981563295,0.0,684.6
1739981563301,0.0,684.6
1739981563307,0.0,684.6
1739981563312,0.0,684.6
1739981563318,0.0,684.6
1739981563324,0.0,684.6
1739981563329,0.0,684.6
1739981563335,0.0,684.6
1739981563340,0.0,684.6
1739981563345,0.0,684.6
1739981563351,0.0,684.6
1739981563356,0.0,684.6
1739981563361,0.0,684.6
1739981563367,0.0,684.6
1739981563373,0.0,684.6
1739981563378,0.0,684.6
1739981563384,0.0,684.6
1739981563389,0.0,684.6
1739981563395,0.0,684.6
1739981563400,0.0,684.6
1739981563406,0.0,684.6
1739981563411,0.0,684.6
1739981563416,0.0,684.6
1739981563422,0.0,684.6
1739981563428,0.0,684.6
1739981563433,0.0,684.6
1739981563439,0.0,684.6
1739981563444,0.0,684.6
1739981563450,0.0,684.6
1739981563455,0.0,684.6
1739981563461,0.0,684.6
1739981563466,0.0,684.6
1739981563472,0.0,684.6
1739981563477,0.0,684.6
1739981563482,0.0,684.6
1739981563487,0.0,684.6
1739981563492,0.0,684.6
1739981563498,0.0,684.6
1739981563503,0.0,684.6
1739981563508,0.0,684.6
1739981563513,0.0,684.6
1739981563518,0.0,684.6
1739981563524,0.0,684.6
1739981563529,0.0,684.6
1739981563534,0.0,684.6
1739981563539,0.0,684.6
1739981563544,0.0,684.6
1739981563550,0.0,684.6
1739981563555,0.0,684.6
1739981563560,0.0,684.6
1739981563565,0.0,684.6
1739981563570,0.0,684.6
1739981563575,0.0,684.6
1739981563580,0.0,684.6
1739981563586,0.0,684.6
1739981563591,0.0,684.6
1739981563596,0.0,684.6
1739981563602,0.0,684.6
1739981563607,0.0,684.6
1739981563613,0.0,684.6
1739981563618,0.0,684.6
1739981563624,0.0,684.6
1739981563629,0.0,684.6
1739981563635,0.0,684.6
1739981563640,0.0,684.6
1739981563645,0.0,684.6
1739981563650,0.0,684.6
1739981563656,0.0,684.6
1739981563661,0.0,684.6
1739981563666,0.0,684.6
1739981563671,0.0,684.6
1739981563676,0.0,684.6
1739981563681,0.0,684.6
1739981563686,0.0,684.6
1739981563691,0.0,684.6
1739981563697,0.0,684.6
1739981563702,0.0,684.6
1739981563708,0.0,684.6
1739981563713,0.0,684.6
1739981563718,0.0,684.6
1739981563723,0.0,684.6
1739981563728,0.0,684.6
1739981563734,0.0,684.6
1739981563739,0.0,684.6
1739981563744,0.0,684.6
1739981563749,0.0,684.6
1739981563754,0.0,684.6
1739981563759,0.0,684.6
1739981563765,0.0,684.6
1739981563770,0.0,684.6
1739981563775,0.0,684.6
1739981563780,0.0,684.6
1739981563785,0.0,684.6
1739981563791,0.0,684.6
1739981563796,0.0,684.6
1739981563801,0.0,684.6
1739981563807,0.0,684.6
1739981563812,0.0,684.6
1739981563817,0.0,684.6
1739981563823,0.0,684.6
1739981563828,0.0,684.6
1739981563833,0.0,684.6
1739981563838,0.0,684.6
1739981563844,0.0,684.6
1739981563849,0.0,684.6
1739981563854,0.0,684.6
1739981563860,0.0,684.6
1739981563865,0.0,684.6
1739981563871,0.0,684.6
1739981563876,0.0,684.6
1739981563881,0.0,684.6
1739981563886,0.0,684.6
1739981563892,0.0,684.6
1739981563897,0.0,684.6
1739981563903,0.0,684.6
1739981563909,0.0,684.6
1739981563914,0.0,684.6
1739981563920,0.0,684.6
1739981563926,0.0,684.6
1739981563931,0.0,684.6
1739981563936,0.0,684.6
1739981563942,0.0,684.6
1739981563948,0.0,684.6
1739981563953,0.0,684.6
1739981563959,0.0,684.6
1739981563965,0.0,684.6
1739981563970,0.0,684.6
1739981563975,0.0,684.6
1739981563981,0.0,684.6
1739981563986,0.0,684.6
1739981563991,0.0,684.6
1739981563996,0.0,684.6
1739981564001,0.0,684.6
1739981564007,0.0,684.6
1739981564012,0.0,684.6
1739981564017,197.0,684.6
1739981564022,0.0,684.6
1739981564027,0.0,684.6
1739981564033,0.0,684.6
1739981564038,0.0,684.6
1739981564043,0.0,684.6
1739981564048,0.0,684.6
1739981564053,0.0,684.6
1739981564059,0.0,684.6
1739981564064,0.0,684.6
1739981564069,0.0,684.6
1739981564074,0.0,684.6
1739981564079,0.0,684.6
1739981564084,0.0,684.6
1739981564089,0.0,684.6
1739981564095,0.0,684.6
1739981564100,0.0,684.6
1739981564106,0.0,684.6
1739981564111,192.8,684.6
1739981564117,0.0,684.6
1739981564123,0.0,684.6
1739981564129,0.0,684.6
1739981564134,0.0,684.6
1739981564140,0.0,684.6
1739981564145,0.0,684.6
1739981564151,0.0,684.6
1739981564156,0.0,684.6
1739981564162,0.0,684.6
1739981564168,0.0,684.6
1739981564173,0.0,684.6
1739981564178,0.0,684.6
1739981564184,0.0,684.6
1739981564189,0.0,684.6
1739981564194,0.0,684.6
1739981564200,0.0,684.6
1739981564205,0.0,684.6
1739981564211,0.0,684.6
1739981564217,0.0,684.6
1739981564222,0.0,684.6
1739981564228,0.0,684.6
1739981564234,0.0,684.6
1739981564239,0.0,684.6
1739981564245,0.0,684.6
1739981564251,0.0,684.6
1739981564256,0.0,684.6
1739981564262,0.0,684.6
1739981564267,0.0,684.6
1739981564272,0.0,684.6
1739981564278,0.0,684.6
1739981564284,0.0,684.6
1739981564289,0.0,684.6
1739981564295,0.0,684.6
1739981564300,0.0,684.6
1739981564306,0.0,684.6
1739981564312,0.0,684.6
1739981564317,0.0,684.6
1739981564323,0.0,684.6
1739981564329,0.0,684.6
1739981564334,0.0,684.6
1739981564340,0.0,684.6
1739981564345,0.0,684.6
1739981564351,0.0,684.6
1739981564356,0.0,684.6
1739981564361,0.0,684.6
1739981564366,0.0,684.6
1739981564371,0.0,684.6
1739981564377,0.0,684.6
1739981564382,0.0,684.6
1739981564387,0.0,684.6
1739981564393,0.0,684.6
1739981564399,0.0,684.6
1739981564404,0.0,684.6
1739981564410,0.0,684.6
1739981564415,0.0,684.6
1739981564421,0.0,684.6
1739981564427,0.0,684.6
1739981564432,0.0,684.6
1739981564438,0.0,684.6
1739981564444,0.0,684.6
1739981564449,0.0,684.6
1739981564455,0.0,684.6
1739981564460,0.0,684.6
1739981564465,0.0,684.6
1739981564470,0.0,684.6
1739981564476,0.0,684.6
1739981564481,0.0,684.6
1739981564486,0.0,684.6
1739981564492,0.0,684.6
1739981564498,0.0,684.6
1739981564503,0.0,684.6
1739981564509,0.0,684.6
1739981564514,0.0,684.6
1739981564520,0.0,684.6
1739981564526,0.0,684.6
1739981564531,0.0,684.6
1739981564537,0.0,684.6
1739981564543,0.0,684.6
1739981564548,0.0,684.6
1739981564554,0.0,684.6
1739981564560,0.0,684.6
1739981564565,0.0,684.6
1739981564571,0.0,684.6
1739981564576,0.0,684.6
1739981564582,0.0,684.6
1739981564587,0.0,684.6
1739981564593,0.0,684.6
1739981564598,0.0,684.6
1739981564604,0.0,684.6
1739981564610,0.0,684.6
1739981564615,0.0,684.6
1739981564621,0.0,684.6
1739981564626,0.0,684.6
1739981564632,0.0,684.6
1739981564637,0.0,684.6
1739981564642,0.0,684.6
1739981564648,0.0,684.6
1739981564653,0.0,684.6
1739981564658,0.0,684.6
1739981564663,0.0,684.6
1739981564669,0.0,684.6
1739981564674,0.0,684.6
1739981564679,0.0,684.6
1739981564685,0.0,684.6
1739981564691,0.0,684.6
1739981564696,0.0,684.6
1739981564701,0.0,684.6
1739981564706,0.0,684.6
1739981564712,0.0,684.6
1739981564717,0.0,684.6
1739981564722,0.0,684.6
1739981564727,0.0,684.6
1739981564732,0.0,684.6
1739981564738,0.0,684.6
1739981564743,0.0,684.6
1739981564748,0.0,684.6
1739981564753,0.0,684.6
1739981564759,0.0,684.6
1739981564764,0.0,684.6
1739981564770,0.0,684.6
1739981564776,0.0,684.6
1739981564782,0.0,684.6
1739981564787,0.0,684.6
1739981564793,0.0,684.6
1739981564798,0.0,684.6
1739981564804,0.0,684.6
1739981564810,0.0,684.6
1739981564815,0.0,684.6
1739981564821,193.5,684.6
1739981564827,0.0,684.6
1739981564833,0.0,684.6
1739981564838,0.0,684.6
1739981564844,0.0,684.6
1739981564850,0.0,684.6
1739981564855,0.0,684.6
1739981564861,0.0,684.6
1739981564866,0.0,684.6
1739981564871,0.0,684.6
1739981564876,0.0,684.6
1739981564882,0.0,684.6
1739981564887,0.0,684.6
1739981564893,0.0,684.6
1739981564898,0.0,684.6
1739981564904,0.0,684.6
1739981564909,0.0,684.6
1739981564914,0.0,684.6
1739981564920,0.0,684.6
1739981564925,0.0,684.6
1739981564930,0.0,684.6
1739981564935,0.0,684.6
1739981564940,0.0,684.6
1739981564946,0.0,684.6
1739981564951,0.0,684.6
1739981564956,0.0,684.6
1739981564961,0.0,684.6
1739981564967,0.0,684.6
1739981564973,0.0,684.6
1739981564978,0.0,684.6
1739981564984,0.0,684.6
1739981564989,0.0,684.6
1739981564995,0.0,684.6
1739981565001,0.0,684.6
1739981565006,0.0,684.6
1739981565012,0.0,684.6
1739981565017,0.0,684.6
1739981565023,0.0,684.6
1739981565028,0.0,684.6
1739981565034,0.0,684.6
1739981565040,0.0,684.6
1739981565045,0.0,684.6
1739981565050,0.0,684.6
1739981565055,0.0,684.6
1739981565060,0.0,684.6
1739981565066,0.0,684.6
1739981565071,0.0,684.6
1739981565077,0.0,684.6
1739981565082,0.0,684.6
1739981565088,0.0,684.6
1739981565093,0.0,684.6
1739981565098,0.0,684.6
1739981565103,0.0,684.6
1739981565108,0.0,684.6
1739981565114,0.0,684.6
1739981565119,0.0,684.6
1739981565124,0.0,684.6
1739981565129,0.0,684.6
1739981565134,0.0,684.6
1739981565140,0.0,684.6
1739981565145,0.0,684.6
1739981565150,0.0,684.6
1739981565155,0.0,684.6
1739981565161,0.0,684.6
1739981565166,0.0,684.6
1739981565172,0.0,684.6
1739981565178,0.0,684.6
1739981565183,0.0,684.6
1739981565189,0.0,684.6
1739981565195,0.0,684.6
1739981565200,0.0,684.6
1739981565206,0.0,684.6
1739981565211,0.0,684.6
1739981565217,0.0,684.6
1739981565222,0.0,684.6
1739981565228,0.0,684.6
1739981565233,0.0,684.6
1739981565239,0.0,684.6
1739981565245,0.0,684.6
1739981565250,0.0,684.6
1739981565256,0.0,684.6
1739981565261,0.0,684.6
1739981565266,0.0,684.6
1739981565272,0.0,684.6
1739981565278,0.0,684.6
1739981565283,0.0,684.6
1739981565289,0.0,684.6
1739981565294,0.0,684.6
1739981565300,194.6,684.6
1739981565306,0.0,684.6
1739981565311,0.0,684.6
1739981565317,0.0,684.6
1739981565323,0.0,684.6
1739981565328,0.0,684.6
1739981565334,0.0,684.6
1739981565339,0.0,684.6
1739981565345,0.0,684.6
1739981565351,0.0,684.6
1739981565356,0.0,684.6
1739981565362,0.0,684.6
1739981565367,0.0,684.6
1739981565373,0.0,684.6
1739981565379,0.0,684.6
1739981565384,0.0,684.6
1739981565390,0.0,684.6
1739981565396,0.0,684.6
1739981565401,0.0,684.6
1739981565407,0.0,684.6
1739981565413,0.0,684.6
1739981565419,0.0,684.6
1739981565424,0.0,684.6
1739981565430,0.0,684.6
1739981565435,0.0,684.6
1739981565441,0.0,684.6
1739981565447,195.1,684.6
1739981565452,0.0,684.6
1739981565458,0.0,684.6
1739981565463,0.0,684.6
1739981565469,0.0,684.6
1739981565475,0.0,684.6
1739981565481,0.0,684.6
1739981565486,0.0,684.6
1739981565492,0.0,684.6
1739981565498,0.0,684.6
1739981565503,0.0,684.6
1739981565509,0.0,684.6
1739981565514,0.0,684.6
1739981565520,0.0,684.6
1739981565525,0.0,684.6
1739981565531,0.0,684.6
1739981565537,0.0,684.6
1739981565542,0.0,684.6
1739981565548,0.0,684.6
1739981565554,0.0,684.6
1739981565559,0.0,684.6
1739981565564,0.0,684.6
1739981565570,0.0,684.6
1739981565576,0.0,684.6
1739981565581,0.0,684.6
1739981565587,0.0,684.6
1739981565593,0.0,684.6
1739981565598,0.0,684.6
1739981565604,0.0,684.6
1739981565609,0.0,684.6
1739981565615,0.0,684.6
1739981565621,0.0,684.6
1739981565627,0.0,684.6
1739981565632,0.0,684.6
1739981565638,0.0,684.6
1739981565643,0.0,684.6
1739981565649,0.0,684.6
1739981565655,0.0,684.6
1739981565661,0.0,684.6
1739981565666,0.0,684.6
1739981565672,0.0,684.6
1739981565677,0.0,684.6
1739981565683,0.0,684.6
1739981565689,0.0,684.6
1739981565694,0.0,684.6
1739981565700,0.0,684.6
1739981565706,0.0,684.6
1739981565711,0.0,684.6
1739981565717,0.0,684.6
1739981565723,0.0,684.6
1739981565728,0.0,684.6
1739981565734,0.0,684.6
1739981565740,0.0,684.6
1739981565746,0.0,684.6
1739981565751,0.0,684.6
1739981565757,0.0,684.6
1739981565762,0.0,684.6
1739981565768,0.0,684.6
1739981565773,0.0,684.6
1739981565779,195.1,684.6
1739981565785,0.0,684.6
1739981565790,0.0,684.6
1739981565796,0.0,684.6
1739981565802,0.0,684.6
1739981565807,0.0,684.6
1739981565813,0.0,684.6
1739981565818,0.0,684.6
1739981565824,0.0,684.6
1739981565830,0.0,684.6
1739981565836,0.0,684.6
1739981565841,0.0,684.6
1739981565847,0.0,684.6
1739981565853,0.0,684.6
1739981565858,0.0,684.6
1739981565864,0.0,684.6
1739981565869,0.0,684.6
1739981565875,0.0,684.6
1739981565881,0.0,684.6
1739981565887,0.0,684.6
1739981565892,0.0,684.6
1739981565898,0.0,684.6
1739981565903,0.0,684.6
1739981565909,0.0,684.6
1739981565915,0.0,684.6
1739981565921,0.0,684.6
1739981565926,0.0,684.6
1739981565932,0.0,684.6
1739981565937,0.0,684.6
1739981565943,0.0,684.6
1739981565948,0.0,684.6
1739981565954,0.0,684.6
1739981565960,0.0,684.6
1739981565965,0.0,684.6
1739981565971,0.0,684.6
1739981565977,0.0,684.6
1739981565982,0.0,684.6
1739981565988,0.0,684.6
1739981565994,0.0,684.6
1739981565999,0.0,684.6
1739981566005,0.0,684.6
1739981566011,0.0,684.6
1739981566016,0.0,684.6
1739981566022,0.0,684.6
1739981566027,0.0,684.6
1739981566033,0.0,684.6
1739981566038,0.0,684.6
1739981566044,0.0,684.6
1739981566050,0.0,684.6
1739981566055,0.0,684.6
1739981566061,0.0,684.6
1739981566066,0.0,684.6
1739981566072,0.0,684.6
1739981566078,0.0,684.6
1739981566083,0.0,684.6
1739981566089,0.0,684.6
1739981566095,0.0,684.6
1739981566101,0.0,684.6
1739981566106,0.0,684.6
1739981566112,0.0,684.6
1739981566117,0.0,684.6
1739981566123,0.0,684.6
1739981566129,0.0,684.6
1739981566134,0.0,684.6
1739981566140,0.0,684.6
1739981566146,0.0,684.6
1739981566152,0.0,684.6
1739981566157,0.0,684.6
1739981566163,0.0,684.6
1739981566169,0.0,684.6
1739981566174,0.0,684.6
1739981566180,0.0,684.6
1739981566186,0.0,684.6
1739981566192,0.0,684.6
1739981566197,0.0,684.6
1739981566203,0.0,684.6
1739981566209,0.0,684.6
1739981566214,0.0,684.6
1739981566220,0.0,684.6
1739981566226,0.0,684.6
1739981566231,0.0,684.6
1739981566237,0.0,684.6
1739981566243,0.0,684.6
1739981566248,0.0,684.6
1739981566254,0.0,684.6
1739981566260,0.0,684.6
1739981566265,0.0,684.6
1739981566270,0.0,684.6
1739981566276,0.0,684.6
1739981566282,0.0,684.6
1739981566287,0.0,684.6
1739981566293,0.0,684.6
1739981566299,0.0,684.6
1739981566304,0.0,684.6
1739981566310,0.0,684.6
1739981566315,0.0,684.6
1739981566320,0.0,684.6
1739981566326,0.0,684.6
1739981566331,0.0,684.6
1739981566337,0.0,684.6
1739981566343,0.0,684.6
1739981566348,0.0,684.6
1739981566354,0.0,684.6
1739981566359,0.0,684.6
1739981566365,0.0,684.6
1739981566370,0.0,684.6
1739981566376,0.0,684.6
1739981566382,0.0,684.6
1739981566387,0.0,684.6
1739981566393,0.0,684.6
1739981566398,0.0,684.6
1739981566404,0.0,684.6
1739981566410,0.0,684.6
1739981566415,0.0,684.6
1739981566421,0.0,684.6
1739981566427,0.0,684.6
1739981566432,0.0,684.6
1739981566438,195.0,684.6
1739981566444,0.0,684.6
1739981566449,0.0,684.6
1739981566455,0.0,684.6
1739981566460,0.0,684.6
1739981566466,0.0,684.6
1739981566472,0.0,684.6
1739981566477,0.0,684.6
1739981566483,0.0,684.6
1739981566488,0.0,684.6
1739981566495,0.0,684.6
1739981566501,0.0,684.6
1739981566506,0.0,684.6
1739981566511,0.0,684.6
1739981566519,0.0,684.6
1739981566524,0.0,684.6
1739981566529,0.0,684.6
1739981566534,0.0,684.6
1739981566540,0.0,684.6
1739981566548,0.0,684.6
1739981566553,0.0,684.6
1739981566558,0.0,684.6
1739981566563,0.0,684.6
1739981566568,0.0,684.6
1739981566574,0.0,684.6
1739981566579,0.0,684.6
1739981566584,0.0,684.6
1739981566590,0.0,684.6
1739981566595,0.0,684.6
1739981566601,0.0,684.6
1739981566606,0.0,684.6
1739981566612,0.0,684.6
1739981566617,0.0,684.6
1739981566623,0.0,684.6
1739981566628,0.0,684.6
1739981566634,0.0,684.6
1739981566639,0.0,684.6
1739981566645,0.0,684.6
1739981566650,0.0,684.6
1739981566656,0.0,684.6
1739981566661,0.0,684.6
1739981566666,0.0,684.6
1739981566672,0.0,684.6
1739981566677,0.0,684.6
1739981566682,0.0,684.6
1739981566688,0.0,684.6
1739981566694,0.0,684.6
1739981566699,0.0,684.6
1739981566705,0.0,684.6
1739981566710,0.0,684.6
1739981566716,0.0,684.6
1739981566721,0.0,684.6
1739981566727,0.0,684.6
1739981566733,0.0,684.6
1739981566738,0.0,684.6
1739981566743,0.0,684.6
1739981566749,0.0,684.6
1739981566754,195.0,684.6
1739981566760,0.0,684.6
1739981566765,0.0,684.6
1739981566771,0.0,684.6
1739981566777,0.0,684.6
1739981566782,0.0,684.6
1739981566788,0.0,684.6
1739981566794,0.0,684.6
1739981566799,0.0,684.6
1739981566805,0.0,684.6
1739981566810,0.0,684.6
1739981566816,0.0,684.6
1739981566821,0.0,684.6
1739981566827,0.0,684.6
1739981566833,0.0,684.6
1739981566839,0.0,684.6
1739981566844,0.0,684.6
1739981566850,0.0,684.6
1739981566855,0.0,684.6
1739981566864,0.0,684.6
1739981566869,0.0,684.6
1739981566874,0.0,684.6
1739981566880,0.0,684.6
1739981566887,0.0,684.6
1739981566894,0.0,684.6
1739981566902,0.0,684.6
1739981566907,0.0,684.6
1739981566912,0.0,684.6
1739981566917,0.0,684.6
1739981566926,0.0,684.6
1739981566934,0.0,684.6
1739981566939,0.0,684.6
1739981566944,0.0,684.6
1739981566949,0.0,684.6
1739981566955,0.0,684.6
1739981566960,0.0,684.6
1739981566966,0.0,684.6
1739981566971,0.0,684.6
1739981566976,0.0,684.6
1739981566981,0.0,684.6
1739981566987,0.0,684.6
1739981566992,0.0,684.6
1739981566998,0.0,684.6
1739981567003,0.0,684.6
1739981567008,0.0,684.6
1739981567014,0.0,684.6
1739981567020,0.0,684.6
1739981567026,0.0,684.6
1739981567032,0.0,684.6
1739981567037,0.0,684.6
1739981567043,0.0,684.6
1739981567049,0.0,684.6
1739981567055,0.0,684.6
1739981567061,0.0,684.6
1739981567067,0.0,684.6
1739981567072,0.0,684.6
1739981567078,0.0,684.6
1739981567083,0.0,684.6
1739981567089,0.0,684.6
1739981567094,0.0,684.6
1739981567100,0.0,684.6
1739981567105,0.0,684.6
1739981567110,0.0,684.6
1739981567115,0.0,684.6
1739981567121,0.0,684.6
1739981567126,0.0,684.6
1739981567131,0.0,684.6
1739981567136,0.0,684.6
1739981567142,0.0,684.6
1739981567147,0.0,684.6
1739981567153,0.0,684.6
1739981567158,0.0,684.6
1739981567163,0.0,684.6
1739981567168,0.0,684.6
1739981567174,0.0,684.6
1739981567179,0.0,684.6
1739981567185,0.0,684.6
1739981567191,0.0,684.6
1739981567196,0.0,684.6
1739981567202,0.0,684.6
1739981567207,0.0,684.6
1739981567213,0.0,684.6
1739981567219,0.0,684.6
1739981567224,0.0,684.6
1739981567230,0.0,684.6
1739981567236,0.0,684.6
1739981567241,0.0,684.6
1739981567247,0.0,684.6
1739981567253,0.0,684.6
1739981567259,0.0,684.6
1739981567264,0.0,684.6
1739981567270,0.0,684.6
1739981567275,0.0,684.6
1739981567281,0.0,684.6
1739981567287,0.0,684.6
1739981567292,0.0,684.6
1739981567298,0.0,684.6
1739981567304,0.0,684.6
1739981567309,0.0,684.6
1739981567315,196.0,684.6
1739981567320,0.0,684.6
1739981567326,0.0,684.6
1739981567331,0.0,684.6
1739981567336,0.0,684.6
1739981567342,0.0,684.6
1739981567348,0.0,684.6
1739981567353,0.0,684.6
1739981567359,0.0,684.6
1739981567364,0.0,684.6
1739981567369,0.0,684.6
1739981567374,0.0,684.6
1739981567379,0.0,684.6
1739981567385,0.0,684.6
1739981567390,0.0,684.6
1739981567395,0.0,684.6
1739981567401,0.0,684.6
1739981567407,0.0,684.6
1739981567412,0.0,684.6
1739981567418,0.0,684.6
1739981567423,0.0,684.6
1739981567428,0.0,684.6
1739981567434,0.0,684.6
1739981567439,0.0,684.6
1739981567445,0.0,684.6
1739981567450,0.0,684.6
1739981567456,0.0,684.6
1739981567462,0.0,684.6
1739981567467,0.0,684.6
1739981567473,0.0,684.6
1739981567479,0.0,684.6
1739981567484,0.0,684.6
1739981567490,0.0,684.6
1739981567495,0.0,684.6
1739981567501,0.0,684.6
1739981567506,0.0,684.6
1739981567511,0.0,684.6
1739981567517,0.0,684.6
1739981567522,0.0,684.6
1739981567528,0.0,684.6
1739981567534,0.0,684.6
1739981567539,0.0,684.6
1739981567545,0.0,684.6
1739981567550,0.0,684.6
1739981567556,0.0,684.6
1739981567561,0.0,684.6
1739981567567,0.0,684.6
1739981567573,0.0,684.6
1739981567578,0.0,684.6
1739981567583,0.0,684.6
1739981567588,0.0,684.6
1739981567594,0.0,684.6
1739981567599,0.0,684.6
1739981567604,0.0,684.6
1739981567610,0.0,684.6
1739981567615,0.0,684.6
1739981567621,0.0,684.6
1739981567627,0.0,684.6
1739981567632,0.0,684.6
1739981567638,0.0,684.6
1739981567644,0.0,684.6
1739981567649,0.0,684.6
1739981567655,0.0,684.6
1739981567661,0.0,684.6
1739981567666,0.0,684.6
1739981567672,0.0,684.6
1739981567677,0.0,684.6
1739981567683,0.0,684.6
1739981567689,0.0,684.6
1739981567694,0.0,684.6
1739981567700,0.0,684.6
1739981567706,0.0,684.6
1739981567711,0.0,684.6
1739981567717,0.0,684.6
1739981567722,0.0,684.6
1739981567728,0.0,684.6
1739981567733,0.0,684.6
1739981567738,0.0,684.6
1739981567743,0.0,684.6
1739981567749,0.0,684.6
1739981567755,0.0,684.6
1739981567760,0.0,684.6
1739981567765,0.0,684.6
1739981567770,0.0,684.6
1739981567776,0.0,684.6
1739981567781,0.0,684.6
1739981567786,0.0,684.6
1739981567791,0.0,684.6
1739981567796,0.0,684.6
1739981567802,0.0,684.6
1739981567807,0.0,684.6
1739981567812,0.0,684.6
1739981567817,0.0,684.6
1739981567822,0.0,684.6
1739981567828,0.0,684.6
1739981567833,0.0,684.6
1739981567838,0.0,684.6
1739981567843,0.0,684.6
1739981567848,0.0,684.6
1739981567854,0.0,684.6
1739981567859,0.0,684.6
1739981567864,0.0,684.6
1739981567869,0.0,684.6
1739981567874,0.0,684.6
1739981567880,0.0,684.6
1739981567885,0.0,684.6
1739981567890,0.0,684.6
1739981567895,0.0,684.6
1739981567900,0.0,684.6
1739981567905,0.0,684.6
1739981567911,0.0,684.6
1739981567916,0.0,684.6
1739981567921,394.1,684.6
1739981567926,197.6,684.6
1739981567932,196.7,684.6
1739981567937,197.0,684.6
1739981567942,393.9,684.6
1739981567947,0.0,684.6
1739981567953,393.8,684.6
1739981567958,196.7,684.6
1739981567963,396.0,684.6
1739981567969,196.4,684.6
1739981567974,196.7,684.6
1739981567979,198.4,684.6
1739981567984,196.1,684.6
1739981567990,196.4,684.6
1739981567995,392.9,684.6
1739981568001,197.4,684.6
1739981568006,196.7,684.6
1739981568011,393.0,684.6
1739981568016,196.6,684.6
1739981568022,196.4,684.6
1739981568027,387.4,684.6
1739981568032,196.7,684.6
1739981568038,196.6,684.6
1739981568043,196.5,684.6
1739981568048,393.0,684.6
1739981568054,0.0,684.6
1739981568059,385.6,684.6
1739981568065,194.2,684.6
1739981568070,196.7,684.6
1739981568076,392.4,684.6
1739981568081,0.0,684.6
1739981568086,393.6,684.6
1739981568091,197.6,684.6
1739981568097,394.0,684.6
1739981568102,196.3,684.6
1739981568107,195.5,684.6
1739981568113,393.1,684.6
1739981568118,196.5,684.6
1739981568123,196.7,684.6
1739981568129,196.6,684.6
1739981568134,393.7,684.6
1739981568139,196.7,684.6
1739981568145,196.6,684.6
1739981568150,196.8,684.6
1739981568155,196.6,684.6
1739981568161,196.4,684.6
1739981568166,393.4,684.6
1739981568171,393.5,684.6
1739981568176,196.7,684.6
1739981568182,195.7,684.6
1739981568187,196.7,684.6
1739981568192,393.3,684.6
1739981568198,196.8,684.6
1739981568203,394.4,684.6
1739981568208,0.0,684.6
1739981568214,0.0,684.6
1739981568219,393.3,684.6
1739981568224,393.5,684.6
1739981568229,0.0,684.6
1739981568235,196.6,684.6
1739981568240,392.6,684.6
1739981568245,196.5,684.6
1739981568251,0.0,684.6
1739981568256,393.5,684.6
1739981568261,196.5,684.6
1739981568267,393.6,684.6
1739981568272,196.7,684.6
1739981568277,196.6,684.6
1739981568283,392.7,684.6
1739981568288,196.7,684.6
1739981568293,392.7,684.6
1739981568299,196.1,684.6
1739981568304,393.2,684.6
1739981568309,0.0,684.6
1739981568315,196.6,684.6
1739981568320,385.0,684.6
1739981568325,196.5,684.6
1739981568331,196.8,684.6
1739981568336,196.7,684.6
1739981568341,392.7,684.6
1739981568347,196.3,684.6
1739981568352,196.6,684.6
1739981568358,393.3,684.6
1739981568363,196.8,684.6
1739981568368,196.9,684.6
1739981568373,392.8,684.6
1739981568379,197.8,684.6
1739981568384,196.4,684.6
1739981568389,196.4,684.6
1739981568395,196.2,684.6
1739981568400,589.7,684.6
1739981568405,196.6,684.6
1739981568411,196.4,684.6
1739981568416,196.9,684.6
1739981568421,389.7,684.6
1739981568427,196.1,684.6
1739981568432,393.4,684.6
1739981568437,197.7,684.6
1739981568443,394.8,684.6
1739981568448,196.8,684.6
1739981568453,393.5,684.6
1739981568458,196.8,684.6
1739981568464,196.8,684.6
1739981568469,196.7,684.6
1739981568474,589.5,684.6
1739981568480,196.3,684.6
1739981568485,196.3,684.6
1739981568490,196.7,684.6
1739981568496,393.2,684.6
1739981568501,196.3,684.6
1739981568506,196.2,684.6
1739981568512,395.4,684.6
1739981568517,198.6,684.6
1739981568522,393.4,684.6
1739981568527,196.5,684.6
1739981568533,196.4,684.6
1739981568538,196.7,684.6
1739981568543,393.8,684.6
1739981568549,193.7,684.6
1739981568554,393.2,684.6
1739981568559,196.9,684.6
1739981568565,196.9,684.6
1739981568570,393.5,684.6
1739981568575,196.6,684.6
1739981568581,196.9,684.6
1739981568586,394.2,684.6
1739981568591,395.1,684.6
1739981568596,196.7,684.6
1739981568602,196.6,684.6
1739981568607,393.1,684.6
1739981568612,196.7,684.6
1739981568618,0.0,684.6
1739981568623,392.9,684.6
1739981568628,196.5,684.6
1739981568633,393.6,684.6
1739981568639,196.7,684.6
1739981568644,196.8,684.6
1739981568649,196.3,684.6
1739981568655,196.7,684.6
1739981568660,196.7,684.6
1739981568665,196.7,684.6
1739981568671,196.6,684.6
1739981568676,196.7,684.6
1739981568681,196.2,684.6
1739981568687,197.2,684.6
1739981568692,196.6,684.6
1739981568697,393.4,684.6
1739981568702,196.8,684.6
1739981568708,196.8,684.6
1739981568713,392.9,684.6
1739981568718,196.4,684.6
1739981568724,0.0,684.6
1739981568729,589.1,684.6
1739981568734,196.8,684.6
1739981568740,197.5,684.6
1739981568745,196.5,684.6
1739981568750,196.4,684.6
1739981568755,393.5,684.6
1739981568761,0.0,684.6
1739981568766,196.7,684.6
1739981568771,589.8,684.6
1739981568777,196.6,684.6
1739981568782,196.5,684.6
1739981568787,0.0,684.6
1739981568793,198.3,684.6
1739981568798,196.6,684.6
1739981568803,393.7,684.6
1739981568808,0.0,684.6
1739981568814,195.9,684.6
1739981568819,196.5,684.6
1739981568825,196.8,684.6
1739981568830,388.2,684.6
1739981568835,393.3,684.6
1739981568841,196.8,684.6
1739981568846,196.8,684.6
1739981568851,197.0,684.6
1739981568856,394.1,684.6
1739981568862,196.8,684.6
1739981568867,393.8,684.6
1739981568872,196.8,684.6
1739981568878,197.0,684.6
1739981568883,196.9,684.6
1739981568888,196.6,684.6
1739981568893,196.7,684.6
1739981568899,196.3,684.6
1739981568904,196.6,684.6
1739981568909,195.2,684.6
1739981568915,392.8,684.6
1739981568920,392.7,684.6
1739981568925,196.4,684.6
1739981568931,196.6,684.6
1739981568936,392.8,684.6
1739981568941,196.8,684.6
1739981568947,196.5,684.6
1739981568952,196.8,684.6
1739981568957,196.7,684.6
1739981568963,393.4,684.6
1739981568968,198.1,684.6
1739981568973,196.3,684.6
1739981568978,0.0,684.6
1739981568984,392.6,684.6
1739981568989,196.6,684.6
1739981568995,196.4,684.6
1739981569000,196.7,684.6
1739981569005,197.3,684.6
1739981569010,196.7,684.6
1739981569016,392.7,684.6
1739981569021,196.8,684.6
1739981569026,196.0,684.6
1739981569032,393.1,684.6
1739981569037,196.6,684.6
1739981569042,196.9,684.6
1739981569048,396.5,684.6
1739981569053,196.1,684.6
1739981569058,392.7,684.6
1739981569063,196.5,684.6
1739981569069,392.8,684.6
1739981569074,196.8,684.6
1739981569080,196.0,684.6
1739981569085,389.6,684.6
1739981569090,196.3,684.6
1739981569096,393.0,684.6
1739981569101,393.3,684.6
1739981569106,196.3,684.6
1739981569112,196.5,684.6
1739981569117,389.5,684.6
1739981569122,196.5,684.6
1739981569128,196.5,684.6
1739981569133,196.6,684.6
1739981569138,196.1,684.6
1739981569144,392.8,684.6
1739981569149,393.9,684.6
1739981569154,196.3,684.6
1739981569160,196.5,684.6
1739981569165,197.6,684.6
1739981569170,196.6,684.6
1739981569176,197.0,684.6
1739981569181,197.0,684.6
1739981569186,392.1,684.6
1739981569191,396.5,684.6
1739981569197,194.1,684.6
1739981569202,196.7,684.6
1739981569207,196.8,684.6
1739981569213,393.5,684.6
1739981569218,196.7,684.6
1739981569223,196.5,684.6
1739981569229,392.7,684.6
1739981569234,196.8,684.6
1739981569239,197.0,684.6
1739981569244,196.9,684.6
1739981569250,196.3,684.6
1739981569255,196.7,684.6
1739981569260,197.8,684.6
1739981569266,196.5,684.6
1739981569271,393.3,684.6
1739981569276,196.5,684.6
1739981569282,393.4,684.6
1739981569287,196.6,684.6
1739981569292,195.8,684.6
1739981569298,196.1,684.6
1739981569303,392.1,684.6
1739981569309,393.5,684.6
1739981569314,196.6,684.6
1739981569319,196.4,684.6
1739981569324,196.7,684.6
1739981569330,196.8,684.6
1739981569335,196.6,684.6
1739981569340,192.7,684.6
1739981569346,196.4,684.6
1739981569351,196.8,684.6
1739981569356,393.4,684.6
1739981569362,393.6,684.6
1739981569367,198.1,684.6
1739981569372,196.0,684.6
1739981569378,196.3,684.6
1739981569383,196.8,684.6
1739981569388,196.4,684.6
1739981569394,196.0,684.6
1739981569399,0.0,684.6
1739981569404,393.0,684.6
1739981569410,396.3,684.6
1739981569415,196.8,684.6
1739981569420,196.4,684.6
1739981569426,393.2,684.6
1739981569431,195.7,684.6
1739981569437,195.6,684.6
1739981569442,196.4,684.6
1739981569447,196.3,684.6
1739981569453,395.2,684.6
1739981569458,194.3,684.6
1739981569463,196.5,684.6
1739981569469,394.1,684.6
1739981569474,388.0,684.6
1739981569479,0.0,684.6
1739981569485,196.6,684.6
1739981569490,196.0,684.6
1739981569495,196.8,684.6
1739981569501,386.9,684.6
1739981569506,196.6,684.6
1739981569511,196.5,684.6
1739981569517,589.2,684.6
1739981569522,196.6,684.6
1739981569527,0.0,684.6
1739981569533,196.8,684.6
1739981569538,393.8,684.6
1739981569543,392.8,684.6
1739981569549,196.8,684.6
1739981569554,196.8,684.6
1739981569559,392.0,684.6
1739981569564,196.6,684.6
1739981569570,386.3,684.6
1739981569575,196.4,684.6
1739981569580,196.5,684.6
1739981569586,392.3,684.6
1739981569591,196.7,684.6
1739981569596,393.2,684.6
1739981569602,390.4,684.6
1739981569607,194.8,684.6
1739981569613,393.4,684.6
1739981569618,196.5,684.6
1739981569623,196.8,684.6
1739981569629,194.2,684.6
1739981569634,393.5,684.6
1739981569639,196.7,684.6
1739981569645,196.7,684.6
1739981569650,196.7,684.6
1739981569655,392.7,684.6
1739981569661,391.8,684.6
1739981569666,195.9,684.6
1739981569672,197.2,684.6
1739981569677,196.4,684.6
1739981569682,196.9,684.6
1739981569687,389.3,684.6
1739981569693,194.0,684.6
1739981569699,387.7,684.6
1739981569704,393.0,684.6
1739981569709,196.7,684.6
1739981569715,196.5,684.6
1739981569720,196.3,684.6
1739981569725,394.8,684.6
1739981569731,395.5,684.6
1739981569736,197.2,684.6
1739981569741,196.3,684.6
1739981569746,195.4,684.6
1739981569752,196.7,684.6
1739981569757,393.4,684.6
1739981569762,196.8,684.6
1739981569768,196.7,684.6
1739981569773,393.0,684.6
1739981569778,196.3,684.6
1739981569784,393.1,684.6
1739981569789,194.1,684.6
1739981569794,196.4,684.6
1739981569800,196.4,684.6
1739981569805,196.5,684.6
1739981569810,196.7,684.6
1739981569816,393.0,684.6
1739981569821,196.6,684.6
1739981569826,197.6,684.6
1739981569832,196.6,684.6
1739981569837,195.1,684.6
1739981569843,194.8,684.6
1739981569848,392.9,684.6
1739981569853,196.2,684.6
1739981569859,197.0,684.6
1739981569864,392.7,684.6
1739981569869,0.0,684.6
1739981569875,392.4,684.6
1739981569880,196.7,684.6
1739981569885,196.5,684.6
1739981569891,393.1,684.6
1739981569896,196.5,684.6
1739981569901,196.0,684.6
1739981569907,393.2,684.6
1739981569912,196.8,684.6
1739981569917,393.4,684.6
1739981569923,197.6,684.6
1739981569928,196.8,684.6
1739981569933,393.6,684.6
1739981569938,196.7,684.6
1739981569944,193.5,684.6
1739981569949,196.2,684.6
1739981569955,392.8,684.6
1739981569960,196.6,684.6
1739981569965,393.4,684.6
1739981569971,197.5,684.6
1739981569976,196.7,684.6
1739981569981,196.2,684.6
1739981569986,196.8,684.6
1739981569992,196.3,684.6
1739981569997,589.4,684.6
1739981570002,196.4,684.6
1739981570008,196.9,684.6
1739981570013,196.9,684.6
1739981570018,196.8,684.6
1739981570023,196.8,684.6
1739981570029,392.9,684.6
1739981570034,196.5,684.6
1739981570039,196.3,684.6
1739981570045,393.4,684.6
1739981570050,0.0,684.6
1739981570055,392.8,684.6
1739981570061,196.7,684.6
1739981570066,388.5,684.6
1739981570071,196.3,684.6
1739981570077,196.6,684.6
1739981570082,196.5,684.6
1739981570087,393.4,684.6
1739981570093,392.5,684.6
1739981570098,0.0,684.6
1739981570104,393.8,684.6
1739981570109,196.8,684.6
1739981570114,393.1,684.6
1739981570119,196.6,684.6
1739981570125,196.8,684.6
1739981570130,386.7,684.6
1739981570135,393.4,684.6
1739981570141,0.0,684.6
1739981570146,193.7,684.6
1739981570152,197.4,684.6
1739981570157,196.9,684.6
1739981570162,392.7,684.6
1739981570167,195.8,684.6
1739981570173,196.5,684.6
1739981570178,393.4,684.6
1739981570184,195.9,684.6
1739981570189,196.7,684.6
1739981570194,196.5,684.6
1739981570200,196.4,684.6
1739981570205,393.5,684.6
1739981570210,196.7,684.6
1739981570215,196.9,684.6
1739981570221,590.8,684.6
1739981570226,196.3,684.6
1739981570231,196.9,684.6
1739981570237,196.7,684.6
1739981570242,196.8,684.6
1739981570247,392.8,684.6
1739981570253,396.7,684.6
1739981570258,196.7,684.6
1739981570263,0.0,684.6
1739981570269,392.0,684.6
1739981570274,196.0,684.6
1739981570279,196.2,684.6
1739981570285,393.1,684.6
1739981570290,195.7,684.6
1739981570296,392.7,684.6
1739981570301,196.6,684.6
1739981570306,196.2,684.6
1739981570312,392.9,684.6
1739981570317,196.9,684.6
1739981570322,196.8,684.6
1739981570327,196.8,684.6
1739981570333,197.0,684.6
1739981570338,196.9,684.6
1739981570343,589.7,684.6
1739981570349,0.0,684.6
1739981570354,392.8,684.6
1739981570359,196.3,684.6
1739981570364,196.7,684.6
1739981570370,0.0,684.6
1739981570375,196.8,684.6
1739981570380,392.0,684.6
1739981570386,196.4,684.6
1739981570391,196.8,684.6
1739981570396,392.7,684.6
1739981570402,196.4,684.6
1739981570407,196.6,684.6
1739981570412,197.7,684.6
1739981570418,393.4,684.6
1739981570423,392.9,684.6
1739981570428,196.7,684.6
1739981570434,196.6,684.6
1739981570439,392.3,684.6
1739981570444,196.6,684.6
1739981570450,396.5,684.6
1739981570455,196.6,684.6
1739981570460,196.8,684.6
1739981570465,196.8,684.6
1739981570471,393.6,684.6
1739981570476,196.7,684.6
1739981570481,196.4,684.6
1739981570487,392.3,684.6
1739981570492,196.4,684.6
1739981570497,392.9,684.6
1739981570503,196.4,684.6
1739981570508,196.5,684.6
1739981570513,197.2,684.6
1739981570518,195.1,684.6
1739981570524,194.5,684.6
1739981570530,392.8,684.6
1739981570535,196.8,684.6
1739981570540,392.8,684.6
1739981570545,392.9,684.6
1739981570551,196.5,684.6
1739981570556,392.9,684.6
1739981570561,196.2,684.6
1739981570567,198.0,684.6
1739981570572,196.7,684.6
1739981570577,197.3,684.6
1739981570583,196.1,684.6
1739981570588,196.2,684.6
1739981570593,589.0,684.6
1739981570599,196.2,684.6
1739981570604,393.7,684.6
1739981570609,196.8,684.6
1739981570615,394.5,684.6
1739981570620,196.6,684.6
1739981570625,392.1,684.6
1739981570631,393.2,684.6
1739981570636,196.3,684.6
1739981570641,393.0,684.6
1739981570647,196.4,684.6
1739981570652,196.2,684.6
1739981570657,393.4,684.6
1739981570663,196.4,684.6
1739981570668,196.7,684.6
1739981570673,392.5,684.6
1739981570679,196.6,684.6
1739981570684,575.1,684.6
1739981570689,196.8,684.6
1739981570695,394.6,684.6
1739981570700,0.0,684.6
1739981570705,194.5,684.6
1739981570711,197.7,684.6
1739981570716,196.7,684.6
1739981570721,392.3,684.6
1739981570727,196.7,684.6
1739981570732,196.6,684.6
1739981570737,392.5,684.6
1739981570743,196.6,684.6
1739981570748,392.7,684.6
1739981570753,195.7,684.6
1739981570759,196.7,684.6
1739981570764,393.6,684.6
1739981570769,196.9,684.6
1739981570775,393.4,684.6
1739981570780,0.0,684.6
1739981570785,392.5,684.6
1739981570791,196.6,684.6
1739981570796,196.3,684.6
1739981570801,394.8,684.6
1739981570807,196.9,684.6
1739981570812,196.9,684.6
1739981570817,193.9,684.6
1739981570823,196.3,684.6
1739981570828,196.7,684.6
1739981570833,196.7,684.6
1739981570839,196.3,684.6
1739981570844,198.5,684.6
1739981570849,393.1,684.6
1739981570854,196.8,684.6
1739981570860,590.2,684.6
1739981570865,196.8,684.6
1739981570870,196.7,684.6
1739981570876,393.6,684.6
1739981570881,0.0,684.6
1739981570886,392.5,684.6
1739981570892,196.9,684.6
1739981570897,393.7,684.6
1739981570902,196.8,684.6
1739981570907,196.7,684.6
1739981570913,396.5,684.6
1739981570918,589.1,684.6
1739981570923,196.4,684.6
1739981570929,196.7,684.6
1739981570934,197.1,684.6
1739981570939,196.8,684.6
1739981570944,393.6,684.6
1739981570950,196.8,684.6
1739981570955,393.6,684.6
1739981570960,393.3,684.6
1739981570966,196.4,684.6
1739981570971,194.3,684.6
1739981570976,196.6,684.6
1739981570982,195.8,684.6
1739981570987,393.5,684.6
1739981570992,196.7,684.6
1739981570998,196.7,684.6
1739981571003,196.8,684.6
1739981571008,392.9,684.6
1739981571014,391.9,684.6
1739981571019,196.7,684.6
1739981571024,196.8,684.6
1739981571030,196.5,684.6
1739981571035,393.2,684.6
1739981571040,196.7,684.6
1739981571046,392.6,684.6
1739981571051,196.7,684.6
1739981571056,582.1,684.6
1739981571062,196.5,684.6
1739981571067,196.7,684.6
1739981571072,196.8,684.6
1739981571078,195.4,684.6
1739981571083,393.5,684.6
1739981571088,196.5,684.6
1739981571094,392.9,684.6
1739981571099,196.8,684.6
1739981571104,196.8,684.6
1739981571110,196.9,684.6
1739981571115,393.8,684.6
1739981571120,196.7,684.6
1739981571125,196.8,684.6
1739981571131,393.6,684.6
1739981571136,393.5,684.6
1739981571141,197.0,684.6
1739981571147,393.6,684.6
1739981571152,196.6,684.6
1739981571157,196.7,684.6
1739981571162,393.2,684.6
1739981571168,196.5,684.6
1739981571173,393.2,684.6
1739981571178,192.9,684.6
1739981571184,195.9,684.6
1739981571190,392.6,684.6
1739981571195,196.4,684.6
1739981571200,393.5,684.6
1739981571205,196.5,684.6
1739981571211,196.5,684.6
1739981571216,393.1,684.6
1739981571221,196.6,684.6
1739981571227,393.3,684.6
1739981571232,393.5,684.6
1739981571237,196.7,684.6
1739981571243,196.8,684.6
1739981571248,393.5,684.6
1739981571253,0.0,684.6
1739981571259,196.4,684.6
1739981571264,393.1,684.6
1739981571269,393.1,684.6
1739981571275,196.3,684.6
1739981571280,393.3,684.6
1739981571285,196.6,684.6
1739981571291,393.6,684.6
1739981571296,392.9,684.6
1739981571301,392.7,684.6
1739981571307,196.6,684.6
1739981571312,196.5,684.6
1739981571317,196.4,684.6
1739981571323,196.2,684.6
1739981571328,196.5,684.6
1739981571333,196.9,684.6
1739981571339,198.2,684.6
1739981571344,590.8,684.6
1739981571349,195.7,684.6
1739981571354,392.8,684.6
1739981571360,0.0,684.6
1739981571365,391.5,684.6
1739981571371,190.2,684.6
1739981571376,196.0,684.6
1739981571382,393.7,684.6
1739981571387,392.8,684.6
1739981571392,197.6,684.6
1739981571397,196.5,684.6
1739981571403,392.9,684.6
1739981571408,0.0,684.6
1739981571414,197.3,684.6
1739981571419,197.1,684.6
1739981571424,393.0,684.6
1739981571429,393.2,684.6
1739981571435,196.8,684.6
1739981571440,196.4,684.6
1739981571445,196.8,684.6
1739981571451,393.4,684.6
1739981571456,196.9,684.6
1739981571461,393.1,684.6
1739981571467,198.0,684.6
1739981571472,393.2,684.6
1739981571477,196.7,684.6
1739981571482,196.8,684.6
1739981571488,392.5,684.6
1739981571493,197.8,684.6
1739981571498,393.9,684.6
1739981571504,197.0,684.6
1739981571509,196.8,684.6
1739981571514,393.5,684.6
1739981571519,393.6,684.6
1739981571525,196.6,684.6
1739981571530,393.1,684.6
1739981571535,196.8,684.6
1739981571541,393.9,684.6
1739981571546,196.9,684.6
1739981571551,393.6,684.6
1739981571556,393.4,684.6
1739981571562,196.9,684.6
1739981571567,196.5,684.6
1739981571572,196.8,684.6
1739981571578,196.8,684.6
1739981571583,393.3,684.6
1739981571588,196.5,684.6
1739981571594,594.9,684.6
1739981571599,195.9,684.6
1739981571604,196.8,684.6
1739981571610,0.0,684.6
1739981571615,393.1,684.6
1739981571620,196.5,684.6
1739981571626,395.6,684.6
1739981571631,396.8,684.6
1739981571636,196.5,684.6
1739981571641,393.5,684.6
1739981571647,393.9,684.6
1739981571652,196.7,684.6
1739981571657,392.5,684.6
1739981571663,392.7,684.6
1739981571668,196.4,684.6
1739981571673,393.6,684.6
1739981571679,196.6,684.6
1739981571684,589.7,684.6
1739981571689,196.8,684.6
1739981571695,394.3,684.6
1739981571700,196.6,684.6
1739981571705,392.8,684.6
1739981571711,392.5,684.6
1739981571716,196.8,684.6
1739981571721,196.7,684.6
1739981571726,393.9,684.6
1739981571732,589.2,684.6
1739981571737,196.6,684.6
1739981571742,197.8,684.6
1739981571748,197.5,684.6
1739981571753,196.5,684.6
1739981571758,393.5,684.6
1739981571763,196.7,684.6
1739981571769,393.0,684.6
1739981571774,394.0,684.6
1739981571779,393.7,684.6
1739981571785,393.3,684.6
1739981571790,197.0,684.6
1739981571795,393.4,684.6
1739981571800,196.8,684.6
1739981571806,393.1,684.6
1739981571811,196.9,684.6
1739981571816,394.2,684.6
1739981571821,196.8,684.6
1739981571827,393.6,684.6
1739981571832,196.3,684.6
1739981571837,392.5,684.6
1739981571843,196.5,684.6
1739981571848,392.7,684.6
1739981571853,196.2,684.6
1739981571859,393.2,684.6
1739981571864,196.5,684.6
1739981571869,196.2,684.6
1739981571875,196.6,684.6
1739981571880,196.8,684.6
1739981571886,589.4,684.6
1739981571891,194.2,684.6
1739981571896,196.8,684.6
1739981571902,196.4,684.6
1739981571907,195.8,684.6
1739981571912,196.4,684.6
1739981571918,395.4,684.6
1739981571923,393.3,684.6
1739981571928,196.9,684.6
1739981571934,392.9,684.6
1739981571939,0.0,684.6
1739981571944,0.0,684.6
1739981571950,393.1,684.6
1739981571955,395.9,684.6
1739981571960,196.7,684.6
1739981571966,393.5,684.6
1739981571971,0.0,684.6
1739981571976,196.7,684.6
1739981571982,196.8,684.6
1739981571987,393.3,684.6
1739981571992,196.9,684.6
1739981571998,196.2,684.6
1739981572003,195.6,684.6
1739981572009,388.3,684.6
1739981572014,196.4,684.6
1739981572019,196.0,684.6
1739981572025,393.2,684.6
1739981572030,393.4,684.6
1739981572035,0.0,684.6
1739981572041,387.6,684.6
1739981572046,196.8,684.6
1739981572051,196.7,684.6
1739981572057,392.2,684.6
1739981572062,388.0,684.6
1739981572067,0.0,684.6
1739981572073,393.8,684.6
1739981572078,197.1,684.6
1739981572083,196.7,684.6
1739981572089,193.5,684.6
1739981572094,393.1,684.6
1739981572099,196.4,684.6
1739981572105,393.6,684.6
1739981572110,196.4,684.6
1739981572115,391.2,684.6
1739981572121,196.5,684.6
1739981572126,0.0,684.6
1739981572131,394.5,684.6
1739981572137,196.8,684.6
1739981572142,196.3,684.6
1739981572147,196.6,684.6
1739981572153,196.3,684.6
1739981572158,393.4,684.6
1739981572163,392.9,684.6
1739981572169,393.1,684.6
1739981572174,196.5,684.6
1739981572179,196.5,684.6
1739981572185,196.2,684.6
1739981572190,196.3,684.6
1739981572195,393.1,684.6
1739981572201,196.3,684.6
1739981572206,196.3,684.6
1739981572211,389.9,684.6
1739981572217,196.6,684.6
1739981572222,590.0,684.6
1739981572227,196.6,684.6
1739981572233,196.6,684.6
1739981572238,196.4,684.6
1739981572243,393.3,684.6
1739981572249,196.7,684.6
1739981572254,393.2,684.6
1739981572259,196.3,684.6
1739981572265,196.2,684.6
1739981572270,394.3,684.6
1739981572275,196.5,684.6
1739981572281,196.3,684.6
1739981572286,197.5,684.6
1739981572291,393.4,684.6
1739981572297,196.8,684.6
1739981572302,196.6,684.6
1739981572307,391.3,684.6
1739981572313,390.7,684.6
1739981572318,196.8,684.6
1739981572324,198.1,684.6
1739981572329,196.6,684.6
1739981572334,196.3,684.6
1739981572339,196.6,684.6
1739981572345,196.6,684.6
1739981572350,393.2,684.6
1739981572355,393.6,684.6
1739981572361,196.3,684.6
1739981572366,393.3,684.6
1739981572371,393.2,684.6
1739981572377,193.7,684.6
1739981572382,196.7,684.6
1739981572387,393.8,684.6
1739981572393,198.4,684.6
1739981572398,393.5,684.6
1739981572403,196.7,684.6
1739981572408,393.4,684.6
1739981572414,196.3,684.6
1739981572419,392.8,684.6
1739981572425,194.3,684.6
1739981572430,196.2,684.6
1739981572435,196.4,684.6
1739981572441,196.7,684.6
1739981572446,196.7,684.6
1739981572451,393.1,684.6
1739981572457,196.6,684.6
1739981572462,196.6,684.6
1739981572467,392.4,684.6
1739981572473,196.7,684.6
1739981572478,393.4,684.6
1739981572483,0.0,684.6
1739981572489,394.7,684.6
1739981572494,590.2,684.6
1739981572499,196.7,684.6
1739981572504,196.6,684.6
1739981572510,196.7,684.6
1739981572515,196.7,684.6
1739981572520,393.3,684.6
1739981572526,196.6,684.6
1739981572531,197.2,684.6
1739981572536,196.1,684.6
1739981572542,393.4,684.6
1739981572547,0.0,684.6
1739981572552,393.2,684.6
1739981572558,196.5,684.6
1739981572563,589.6,684.6
1739981572568,0.0,684.6
1739981572574,393.1,684.6
1739981572579,197.0,684.6
1739981572584,197.0,684.6
1739981572590,394.8,684.6
1739981572595,196.7,684.6
1739981572600,196.6,684.6
1739981572606,589.3,684.6
1739981572611,392.9,684.6
1739981572616,196.8,684.6
1739981572621,196.8,684.6
1739981572627,196.9,684.6
1739981572632,578.5,684.6
1739981572637,196.5,684.6
1739981572643,196.8,684.6
1739981572648,196.4,684.6
1739981572653,197.4,684.6
1739981572659,196.6,684.6
1739981572664,196.6,684.6
1739981572669,193.7,684.6
1739981572675,392.8,684.6
1739981572680,393.4,684.6
1739981572685,196.7,684.6
1739981572691,196.7,684.6
1739981572696,394.5,684.6
1739981572701,196.6,684.6
1739981572707,196.1,684.6
1739981572712,393.3,684.6
1739981572717,196.7,684.6
1739981572723,393.5,684.6
1739981572728,196.8,684.6
1739981572733,196.5,684.6
1739981572739,590.0,684.6
1739981572744,196.6,684.6
1739981572749,196.7,684.6
1739981572754,393.2,684.6
1739981572760,589.4,684.6
1739981572765,196.4,684.6
1739981572770,196.6,684.6
1739981572776,393.0,684.6
1739981572781,196.9,684.6
1739981572786,196.0,684.6
1739981572792,392.5,684.6
1739981572797,196.3,684.6
1739981572803,589.8,684.6
1739981572808,196.3,684.6
1739981572813,196.9,684.6
1739981572818,393.3,684.6
1739981572824,196.8,684.6
1739981572829,394.1,684.6
1739981572834,196.9,684.6
1739981572840,196.6,684.6
1739981572845,392.3,684.6
1739981572850,196.7,684.6
1739981572856,193.6,684.6
1739981572861,393.2,684.6
1739981572866,393.2,684.6
1739981572872,193.7,684.6
1739981572877,196.6,684.6
1739981572882,395.4,684.6
1739981572888,0.0,684.6
1739981572893,197.0,684.6
1739981572898,197.1,684.6
1739981572903,393.4,684.6
1739981572909,196.5,684.6
1739981572914,196.5,684.6
1739981572919,196.7,684.6
1739981572925,394.1,684.6
1739981572930,0.0,684.6
1739981572935,393.7,684.6
1739981572941,387.9,684.6
1739981572946,195.2,684.6
1739981572952,195.0,684.6
1739981572957,196.2,684.6
1739981572963,390.1,684.6
1739981572968,196.6,684.6
1739981572973,196.4,684.6
1739981572979,196.4,684.6
1739981572984,196.2,684.6
1739981572989,393.3,684.6
1739981572995,196.1,684.6
1739981573000,393.0,684.6
1739981573005,196.5,684.6
1739981573011,393.3,684.6
1739981573016,196.8,684.6
1739981573021,196.8,684.6
1739981573026,196.8,684.6
1739981573032,395.4,684.6
1739981573037,194.2,684.6
1739981573042,196.7,684.6
1739981573048,196.4,684.6
1739981573053,393.1,684.6
1739981573058,195.7,684.6
1739981573064,196.7,684.6
1739981573069,393.8,684.6
1739981573075,196.5,684.6
1739981573080,196.7,684.6
1739981573085,391.0,684.6
1739981573090,195.2,684.6
1739981573096,389.6,684.6
1739981573102,193.5,684.6
1739981573107,196.2,684.6
1739981573112,196.7,684.6
1739981573118,196.2,684.6
1739981573123,393.5,684.6
1739981573128,393.3,684.6
1739981573134,196.2,684.6
1739981573139,196.7,684.6
1739981573144,197.4,684.6
1739981573150,393.3,684.6
1739981573155,393.7,684.6
1739981573160,196.8,684.6
1739981573166,393.4,684.6
1739981573171,196.8,684.6
1739981573176,194.1,684.6
1739981573182,196.4,684.6
1739981573187,196.5,684.6
1739981573192,193.9,684.6
1739981573198,392.4,684.6
1739981573203,393.0,684.6
1739981573208,196.9,684.6
1739981573214,396.0,684.6
1739981573219,393.7,684.6
1739981573224,196.6,684.6
1739981573229,392.6,684.6
1739981573235,196.6,684.6
1739981573240,196.7,684.6
1739981573245,196.3,684.6
1739981573251,393.3,684.6
1739981573256,196.8,684.6
1739981573261,393.6,684.6
1739981573267,196.8,684.6
1739981573272,196.7,684.6
1739981573277,392.7,684.6
1739981573282,196.5,684.6
1739981573288,196.8,684.6
1739981573293,393.6,684.6
1739981573298,196.4,684.6
1739981573304,389.5,684.6
1739981573309,195.6,684.6
1739981573315,196.5,684.6
1739981573320,587.5,684.6
1739981573325,194.8,684.6
1739981573331,194.6,684.6
1739981573336,196.6,684.6
1739981573342,393.5,684.6
1739981573347,392.9,684.6
1739981573352,196.6,684.6
1739981573358,194.2,684.6
1739981573363,196.5,684.6
1739981573368,196.8,684.6
1739981573374,392.9,684.6
1739981573379,196.7,684.6
1739981573384,393.3,684.6
1739981573390,196.6,684.6
1739981573395,392.6,684.6
1739981573400,197.9,684.6
1739981573406,196.3,684.6
1739981573411,393.8,684.6
1739981573416,196.2,684.6
1739981573422,392.4,684.6
1739981573427,196.4,684.6
1739981573432,392.9,684.6
1739981573438,392.7,684.6
1739981573443,196.4,684.6
1739981573448,195.7,684.6
1739981573454,196.5,684.6
1739981573459,196.1,684.6
1739981573464,196.7,684.6
1739981573470,197.2,684.6
1739981573475,392.5,684.6
1739981573480,0.0,684.6
1739981573486,395.2,684.6
1739981573491,196.7,684.6
1739981573496,393.4,684.6
1739981573502,196.6,684.6
1739981573507,393.6,684.6
1739981573512,197.6,684.6
1739981573518,197.8,684.6
1739981573523,393.4,684.6
1739981573528,196.7,684.6
1739981573533,393.4,684.6
1739981573539,196.5,684.6
1739981573544,590.0,684.6
1739981573549,195.2,684.6
1739981573555,196.8,684.6
1739981573560,393.6,684.6
1739981573565,196.8,684.6
1739981573571,196.6,684.6
1739981573576,196.8,684.6
1739981573581,394.8,684.6
1739981573587,196.3,684.6
1739981573592,388.8,684.6
1739981573597,196.1,684.6
1739981573603,196.3,684.6
1739981573608,195.1,684.6
1739981573614,387.8,684.6
1739981573619,392.8,684.6
1739981573624,196.3,684.6
1739981573630,393.4,684.6
1739981573635,392.0,684.6
1739981573640,393.2,684.6
1739981573646,0.0,684.6
1739981573651,392.9,684.6
1739981573656,196.6,684.6
1739981573662,196.4,684.6
1739981573667,393.3,684.6
1739981573672,393.2,684.6
1739981573677,393.3,684.6
1739981573683,196.7,684.6
1739981573688,196.7,684.6
1739981573693,393.1,684.6
1739981573699,196.3,684.6
1739981573704,393.0,684.6
1739981573709,393.0,684.6
1739981573715,197.9,684.6
1739981573720,393.5,684.6
1739981573725,196.3,684.6
1739981573731,393.0,684.6
1739981573736,196.8,684.6
1739981573741,196.3,684.6
1739981573747,393.3,684.6
1739981573752,196.7,684.6
1739981573757,394.1,684.6
1739981573762,196.9,684.6
1739981573768,196.4,684.6
1739981573773,392.8,684.6
1739981573778,195.8,684.6
1739981573784,196.6,684.6
1739981573789,571.3,684.6
1739981573795,196.2,684.6
1739981573800,195.3,684.6
1739981573805,393.5,684.6
1739981573811,196.3,684.6
1739981573816,592.4,684.6
1739981573821,196.8,684.6
1739981573827,393.7,684.6
1739981573832,196.8,684.6
1739981573837,393.6,684.6
1739981573842,196.9,684.6
1739981573848,393.0,684.6
1739981573853,196.5,684.6
1739981573858,393.7,684.6
1739981573864,197.8,684.6
1739981573869,196.5,684.6
1739981573874,393.7,684.6
1739981573879,196.5,684.6
1739981573885,393.5,684.6
1739981573890,196.3,684.6
1739981573895,196.7,684.6
1739981573901,396.5,684.6
1739981573906,393.4,684.6
1739981573911,393.1,684.6
1739981573917,197.0,684.6
1739981573922,193.8,684.6
1739981573927,196.0,684.6
1739981573933,196.4,684.6
1739981573938,589.8,684.6
1739981573943,196.8,684.6
1739981573949,196.7,684.6
1739981573954,391.8,684.6
1739981573959,196.1,684.6
1739981573965,196.4,684.6
1739981573970,590.4,684.6
1739981573975,196.5,684.6
1739981573981,393.6,684.6
1739981573986,196.7,684.6
1739981573991,393.0,684.6
1739981573997,196.4,684.6
1739981574002,196.5,684.6
1739981574007,0.0,684.6
1739981574013,196.6,684.6
1739981574018,393.4,684.6
1739981574023,196.7,684.6
1739981574029,394.3,684.6
1739981574034,390.3,684.6
1739981574039,196.6,684.6
1739981574045,198.4,684.6
1739981574050,197.0,684.6
1739981574055,393.4,684.6
1739981574060,196.7,684.6
1739981574066,196.4,684.6
1739981574071,392.9,684.6
1739981574076,0.0,684.6
1739981574082,393.1,684.6
1739981574087,393.4,684.6
1739981574092,196.8,684.6
1739981574097,196.7,684.6
1739981574103,386.3,684.6
1739981574108,196.5,684.6
1739981574114,374.2,684.6
1739981574119,196.8,684.6
1739981574124,395.1,684.6
1739981574130,393.7,684.6
1739981574135,196.5,684.6
1739981574140,196.7,684.6
1739981574146,196.4,684.6
1739981574151,393.4,684.6
1739981574156,392.9,684.6
1739981574162,197.9,684.6
1739981574167,196.7,684.6
1739981574172,392.1,684.6
1739981574178,196.6,684.6
1739981574183,196.8,684.6
1739981574188,196.3,684.6
1739981574193,393.5,684.6
1739981574199,196.6,684.6
1739981574204,393.1,684.6
1739981574209,393.3,684.6
1739981574215,196.6,684.6
1739981574220,196.9,684.6
1739981574225,196.8,684.6
1739981574231,197.3,684.6
1739981574236,196.6,684.6
1739981574241,196.5,684.6
1739981574246,393.5,684.6
1739981574252,393.6,684.6
1739981574257,196.7,684.6
1739981574262,196.7,684.6
1739981574268,393.3,684.6
1739981574273,196.6,684.6
1739981574278,196.7,684.6
1739981574284,197.5,684.6
1739981574289,393.3,684.6
1739981574294,196.4,684.6
1739981574299,196.6,684.6
1739981574305,393.1,684.6
1739981574310,393.1,684.6
1739981574315,196.7,684.6
1739981574321,196.7,684.6
1739981574326,393.0,684.6
1739981574331,196.7,684.6
1739981574337,196.7,684.6
1739981574342,393.3,684.6
1739981574347,196.7,684.6
1739981574353,392.9,684.6
1739981574358,196.4,684.6
1739981574363,196.9,684.6
1739981574369,196.8,684.6
1739981574374,393.4,684.6
1739981574379,196.3,684.6
1739981574385,198.1,684.6
1739981574390,395.9,684.6
1739981574395,196.7,684.6
1739981574400,393.5,684.6
1739981574406,196.7,684.6
1739981574411,392.8,684.6
1739981574416,196.6,684.6
1739981574422,196.8,684.6
1739981574427,392.4,684.6
1739981574432,196.8,684.6
1739981574438,196.6,684.6
1739981574443,196.5,684.6
1739981574448,590.3,684.6
1739981574454,197.1,684.6
1739981574459,196.5,684.6
1739981574464,196.7,684.6
1739981574470,393.6,684.6
1739981574475,393.6,684.6
1739981574480,196.9,684.6
1739981574485,196.6,684.6
1739981574491,390.5,684.6
1739981574496,392.7,684.6
1739981574501,196.7,684.6
1739981574507,196.8,684.6
1739981574512,196.6,684.6
1739981574517,197.6,684.6
1739981574523,393.4,684.6
1739981574528,196.8,684.6
1739981574533,196.6,684.6
1739981574539,198.0,684.6
1739981574544,589.7,684.6
1739981574549,0.0,684.6
1739981574554,392.9,684.6
1739981574560,196.5,684.6
1739981574565,196.5,684.6
1739981574570,393.3,684.6
1739981574576,393.4,684.6
1739981574581,197.0,684.6
1739981574586,393.8,684.6
1739981574592,197.6,684.6
1739981574597,196.8,684.6
1739981574602,393.3,684.6
1739981574607,196.7,684.6
1739981574613,196.7,684.6
1739981574618,392.7,684.6
1739981574623,393.1,684.6
1739981574629,393.3,684.6
1739981574634,196.5,684.6
1739981574639,197.5,684.6
1739981574645,392.8,684.6
1739981574650,196.6,684.6
1739981574655,393.5,684.6
1739981574661,193.3,684.6
1739981574666,198.0,684.6
1739981574671,392.9,684.6
1739981574677,393.7,684.6
1739981574682,196.9,684.6
1739981574687,196.6,684.6
1739981574693,196.8,684.6
1739981574698,386.1,684.6
1739981574703,393.4,684.6
1739981574709,196.4,684.6
1739981574714,196.4,684.6
1739981574719,196.6,684.6
1739981574724,393.1,684.6
1739981574730,196.9,684.6
1739981574735,196.8,684.6
1739981574740,196.3,684.6
1739981574746,196.7,684.6
1739981574751,393.5,684.6
1739981574756,393.4,684.6
1739981574762,196.0,684.6
1739981574767,196.6,684.6
1739981574772,196.6,684.6
1739981574778,196.4,684.6
1739981574783,196.6,684.6
1739981574788,196.7,684.6
1739981574794,197.6,684.6
1739981574799,196.7,684.6
1739981574804,392.8,684.6
1739981574809,196.6,684.6
1739981574815,590.1,684.6
1739981574820,197.3,684.6
1739981574825,393.4,684.6
1739981574831,196.6,684.6
1739981574836,196.8,684.6
1739981574841,391.8,684.6
1739981574847,393.0,684.6
1739981574852,193.8,684.6
1739981574858,196.2,684.6
1739981574863,196.5,684.6
1739981574868,196.7,684.6
1739981574874,196.7,684.6
1739981574879,392.1,684.6
1739981574884,393.6,684.6
1739981574890,393.6,684.6
1739981574895,196.7,684.6
1739981574900,589.8,684.6
1739981574906,197.3,684.6
1739981574911,196.6,684.6
1739981574916,392.2,684.6
1739981574922,196.2,684.6
1739981574927,393.6,684.6
1739981574932,393.1,684.6
1739981574938,0.0,684.6
1739981574943,393.6,684.6
1739981574948,196.7,684.6
1739981574954,392.9,684.6
1739981574959,196.4,684.6
1739981574964,197.0,684.6
1739981574969,393.8,684.6
1739981574975,393.5,684.6
1739981574980,196.8,684.6
1739981574985,196.3,684.6
1739981574991,196.8,684.6
1739981574996,196.9,684.6
1739981575001,196.7,684.6
1739981575006,196.4,684.6
1739981575012,589.6,684.6
1739981575017,196.7,684.6
1739981575022,196.7,684.6
1739981575028,0.0,684.6
1739981575033,392.1,684.6
1739981575038,196.0,684.6
1739981575044,196.3,684.6
1739981575049,390.7,684.6
1739981575055,196.7,684.6
1739981575060,393.3,684.6
1739981575065,196.6,684.6
1739981575070,196.7,684.6
1739981575076,193.6,684.6
1739981575081,393.2,684.6
1739981575087,196.3,684.6
1739981575092,196.7,684.6
1739981575097,392.9,684.6
1739981575102,196.8,684.6
1739981575108,393.4,684.6
1739981575113,195.1,684.6
1739981575118,594.5,684.6
1739981575124,0.0,684.6
1739981575129,393.5,684.6
1739981575134,196.6,684.6
1739981575140,391.6,684.6
1739981575145,196.1,684.6
1739981575151,393.2,684.6
1739981575156,196.4,684.6
1739981575161,196.7,684.6
1739981575166,196.8,684.6
1739981575172,196.7,684.6
1739981575177,196.8,684.6
1739981575182,196.8,684.6
1739981575188,589.6,684.6
1739981575193,196.6,684.6
1739981575198,0.0,684.6
1739981575204,196.6,684.6
1739981575209,196.8,684.6
1739981575214,198.3,684.6
1739981575220,392.8,684.6
1739981575225,196.7,684.6
1739981575230,194.0,684.6
1739981575236,589.4,684.6
1739981575241,196.6,684.6
1739981575246,393.1,684.6
1739981575251,196.2,684.6
1739981575257,193.2,684.6
1739981575262,196.4,684.6
1739981575268,195.5,684.6
1739981575273,589.8,684.6
1739981575278,196.8,684.6
1739981575284,196.6,684.6
1739981575289,392.6,684.6
1739981575294,196.6,684.6
1739981575300,196.9,684.6
1739981575305,590.6,684.6
1739981575310,196.5,684.6
1739981575316,197.2,684.6
1739981575321,196.3,684.6
1739981575326,196.8,684.6
1739981575331,196.7,684.6
1739981575337,196.1,684.6
1739981575342,392.9,684.6
1739981575348,390.6,684.6
1739981575353,196.3,684.6
1739981575358,196.1,684.6
1739981575364,394.5,684.6
1739981575369,196.3,684.6
1739981575374,392.9,684.6
1739981575380,193.4,684.6
1739981575385,386.8,684.6
1739981575391,195.3,684.6
1739981575396,196.6,684.6
1739981575402,393.0,684.6
1739981575407,196.1,684.6
1739981575412,392.2,684.6
1739981575418,393.9,684.6
1739981575423,196.9,684.6
1739981575428,196.8,684.6
1739981575434,392.7,684.6
1739981575439,197.1,684.6
1739981575444,196.8,684.6
1739981575449,393.5,684.6
1739981575455,196.8,684.6
1739981575460,393.6,684.6
1739981575465,196.7,684.6
1739981575471,196.6,684.6
1739981575476,196.8,684.6
1739981575481,196.8,684.6
1739981575486,196.6,684.6
1739981575492,197.0,684.6
1739981575497,393.6,684.6
1739981575502,194.9,684.6
1739981575508,581.6,684.6
1739981575513,196.5,684.6
1739981575518,193.4,684.6
1739981575524,387.9,684.6
1739981575529,196.4,684.6
1739981575535,196.6,684.6
1739981575540,195.1,684.6
1739981575546,193.8,684.6
1739981575551,586.2,684.6
1739981575556,196.5,684.6
1739981575562,196.5,684.6
1739981575567,196.4,684.6
1739981575572,195.7,684.6
1739981575578,193.1,684.6
1739981575583,0.0,684.6
1739981575589,393.6,684.6
1739981575594,196.8,684.6
1739981575599,394.4,684.6
1739981575604,196.1,684.6
1739981575610,196.2,684.6
1739981575615,393.3,684.6
1739981575620,393.4,684.6
1739981575626,196.8,684.6
1739981575631,393.6,684.6
1739981575636,393.6,684.6
1739981575642,196.7,684.6
1739981575647,196.7,684.6
1739981575652,196.5,684.6
1739981575658,196.6,684.6
1739981575663,393.2,684.6
1739981575668,196.7,684.6
1739981575674,196.7,684.6
1739981575679,196.6,684.6
1739981575684,392.6,684.6
1739981575690,0.0,684.6
1739981575695,590.4,684.6
1739981575700,196.7,684.6
1739981575706,197.2,684.6
1739981575711,196.7,684.6
1739981575716,392.9,684.6
1739981575721,196.7,684.6
1739981575727,196.7,684.6
1739981575732,393.4,684.6
1739981575737,196.7,684.6
1739981575743,196.6,684.6
1739981575748,193.8,684.6
1739981575753,393.0,684.6
1739981575759,0.0,684.6
1739981575764,392.9,684.6
1739981575770,197.8,684.6
1739981575775,196.6,684.6
1739981575780,393.1,684.6
1739981575785,393.2,684.6
1739981575791,393.3,684.6
1739981575796,196.3,684.6
1739981575802,196.5,684.6
1739981575807,194.0,684.6
1739981575812,392.5,684.6
1739981575818,196.1,684.6
1739981575823,387.6,684.6
1739981575828,196.3,684.6
1739981575834,196.8,684.6
1739981575839,393.4,684.6
1739981575844,196.8,684.6
1739981575850,196.2,684.6
1739981575855,196.7,684.6
1739981575860,197.1,684.6
1739981575866,392.1,684.6
1739981575871,393.6,684.6
1739981575876,0.0,684.6
1739981575881,393.1,684.6
1739981575887,197.7,684.6
1739981575892,196.5,684.6
1739981575897,196.6,684.6
1739981575903,196.5,684.6
1739981575908,392.4,684.6
1739981575914,392.3,684.6
1739981575919,193.7,684.6
1739981575924,196.2,684.6
1739981575930,196.6,684.6
1739981575935,393.7,684.6
1739981575940,196.7,684.6
1739981575946,197.6,684.6
1739981575951,196.6,684.6
1739981575956,0.0,684.6
1739981575961,393.2,684.6
1739981575967,196.4,684.6
1739981575972,197.3,684.6
1739981575977,589.5,684.6
1739981575983,196.7,684.6
1739981575988,196.6,684.6
1739981575993,196.3,684.6
1739981575999,0.0,684.6
1739981576004,196.6,684.6
1739981576009,588.9,684.6
1739981576015,393.0,684.6
1739981576020,197.7,684.6
1739981576025,392.1,684.6
1739981576031,196.7,684.6
1739981576036,196.7,684.6
1739981576041,196.3,684.6
1739981576047,594.3,684.6
1739981576052,196.5,684.6
1739981576057,196.3,684.6
1739981576063,394.6,684.6
1739981576068,196.7,684.6
1739981576073,196.3,684.6
1739981576078,393.0,684.6
1739981576084,196.1,684.6
1739981576089,196.7,684.6
1739981576094,393.2,684.6
1739981576100,196.7,684.6
1739981576105,196.3,684.6
1739981576110,393.8,684.6
1739981576116,196.3,684.6
1739981576121,392.8,684.6
1739981576126,0.0,684.6
1739981576132,393.0,684.6
1739981576137,196.8,684.6
1739981576142,197.5,684.6
1739981576148,393.1,684.6
1739981576153,196.5,684.6
1739981576158,196.7,684.6
1739981576163,196.6,684.6
1739981576169,196.6,684.6
1739981576174,392.4,684.6
1739981576180,197.0,684.6
1739981576185,391.5,684.6
1739981576190,195.9,684.6
1739981576196,196.5,684.6
1739981576201,196.7,684.6
1739981576206,393.5,684.6
1739981576212,196.7,684.6
1739981576217,395.6,684.6
1739981576222,393.6,684.6
1739981576227,196.0,684.6
1739981576233,196.3,684.6
1739981576238,196.5,684.6
1739981576243,392.6,684.6
1739981576249,196.4,684.6
1739981576254,196.6,684.6
1739981576259,393.2,684.6
1739981576265,392.9,684.6
1739981576270,196.6,684.6
1739981576275,193.8,684.6
1739981576281,0.0,684.6
1739981576286,196.8,684.6
1739981576291,196.0,684.6
1739981576297,194.6,684.6
1739981576302,588.9,684.6
1739981576307,196.6,684.6
1739981576313,393.1,684.6
1739981576318,196.5,684.6
1739981576323,392.8,684.6
1739981576329,196.1,684.6
1739981576334,198.0,684.6
1739981576339,196.8,684.6
1739981576345,196.8,684.6
1739981576350,393.6,684.6
1739981576355,196.8,684.6
1739981576361,593.0,684.6
1739981576366,196.9,684.6
1739981576371,196.8,684.6
1739981576376,196.7,684.6
1739981576382,393.4,684.6
1739981576387,196.7,684.6
1739981576392,196.6,684.6
1739981576398,588.7,684.6
1739981576403,196.8,684.6
1739981576408,0.0,684.6
1739981576414,591.2,684.6
1739981576419,196.8,684.6
1739981576424,197.0,684.6
1739981576429,196.8,684.6
1739981576435,387.6,684.6
1739981576440,196.3,684.6
1739981576445,393.3,684.6
1739981576451,196.8,684.6
1739981576456,196.3,684.6
1739981576461,196.7,684.6
1739981576467,396.8,684.6
1739981576472,196.2,684.6
1739981576477,196.9,684.6
1739981576482,196.2,684.6
1739981576488,193.4,684.6
1739981576493,589.4,684.6
1739981576498,196.8,684.6
1739981576504,196.7,684.6
1739981576509,196.4,684.6
1739981576514,392.4,684.6
1739981576520,393.6,684.6
1739981576525,196.2,684.6
1739981576530,196.5,684.6
1739981576536,196.5,684.6
1739981576541,196.6,684.6
1739981576546,196.7,684.6
1739981576552,393.2,684.6
1739981576557,393.8,684.6
1739981576562,194.1,684.6
1739981576568,196.5,684.6
1739981576573,196.6,684.6
1739981576578,196.5,684.6
1739981576584,196.3,684.6
1739981576589,196.3,684.6
1739981576594,393.3,684.6
1739981576600,196.8,684.6
1739981576605,196.7,684.6
1739981576610,590.2,684.6
1739981576616,196.9,684.6
1739981576621,196.5,684.6
1739981576626,196.3,684.6
1739981576632,396.3,684.6
1739981576637,196.6,684.6
1739981576642,393.2,684.6
1739981576647,393.2,684.6
1739981576653,196.7,684.6
1739981576658,196.6,684.6
1739981576663,393.4,684.6
1739981576669,196.6,684.6
1739981576674,393.2,684.6
1739981576679,393.5,684.6
1739981576685,392.3,684.6
1739981576690,393.0,684.6
1739981576695,196.4,684.6
1739981576701,196.5,684.6
1739981576706,196.7,684.6
1739981576711,196.7,684.6
1739981576717,393.2,684.6
1739981576722,196.7,684.6
1739981576727,392.3,684.6
1739981576733,196.8,684.6
1739981576738,393.2,684.6
1739981576743,196.8,684.6
1739981576749,393.2,684.6
1739981576754,0.0,684.6
1739981576759,394.2,684.6
1739981576765,196.3,684.6
1739981576770,196.3,684.6
1739981576775,392.7,684.6
1739981576781,197.6,684.6
1739981576786,392.9,684.6
1739981576791,0.0,684.6
1739981576796,392.8,684.6
1739981576802,197.0,684.6
1739981576807,196.7,684.6
1739981576812,196.5,684.6
1739981576818,589.8,684.6
1739981576823,196.8,684.6
1739981576828,394.3,684.6
1739981576834,196.6,684.6
1739981576839,196.9,684.6
1739981576844,196.6,684.6
1739981576850,395.1,684.6
1739981576855,196.4,684.6
1739981576860,196.3,684.6
1739981576866,590.2,684.6
1739981576871,0.0,684.6
1739981576876,393.3,684.6
1739981576881,196.8,684.6
1739981576887,196.7,684.6
1739981576892,196.6,684.6
1739981576897,196.8,684.6
1739981576903,393.3,684.6
1739981576908,393.5,684.6
1739981576913,393.3,684.6
1739981576919,194.9,684.6
1739981576924,387.2,684.6
1739981576929,384.4,684.6
1739981576935,196.4,684.6
1739981576940,196.8,684.6
1739981576946,196.1,684.6
1739981576951,394.5,684.6
1739981576956,196.6,684.6
1739981576962,196.6,684.6
1739981576967,393.3,684.6
1739981576972,196.5,684.6
1739981576978,393.3,684.6
1739981576983,393.6,684.6
1739981576988,196.8,684.6
1739981576994,196.7,684.6
1739981576999,392.6,684.6
1739981577004,195.9,684.6
1739981577010,196.4,684.6
1739981577015,393.0,684.6
1739981577021,196.3,684.6
1739981577026,0.0,684.6
1739981577031,196.3,684.6
1739981577037,393.4,684.6
1739981577042,196.4,684.6
1739981577047,392.4,684.6
1739981577053,392.8,684.6
1739981577058,392.7,684.6
1739981577064,196.6,684.6
1739981577069,196.6,684.6
1739981577074,196.1,684.6
1739981577080,0.0,684.6
1739981577085,392.9,684.6
1739981577090,387.3,684.6
1739981577096,392.8,684.6
1739981577101,196.3,684.6
1739981577107,196.2,684.6
1739981577112,393.3,684.6
1739981577117,196.7,684.6
1739981577123,589.2,684.6
1739981577128,196.4,684.6
1739981577133,393.6,684.6
1739981577139,0.0,684.6
1739981577144,196.1,684.6
1739981577150,196.3,684.6
1739981577155,388.5,684.6
1739981577160,0.0,684.6
1739981577166,196.6,684.6
1739981577171,196.5,684.6
1739981577176,196.3,684.6
1739981577182,393.4,684.6
1739981577187,196.3,684.6
1739981577193,392.6,684.6
1739981577198,195.8,684.6
1739981577203,392.5,684.6
1739981577209,393.1,684.6
1739981577214,193.3,684.6
1739981577220,196.7,684.6
1739981577225,196.2,684.6
1739981577230,393.3,684.6
1739981577235,196.9,684.6
1739981577241,393.7,684.6
1739981577246,0.0,684.6
1739981577251,196.8,684.6
1739981577257,195.9,684.6
1739981577262,589.7,684.6
1739981577267,0.0,684.6
1739981577273,196.7,684.6
1739981577278,196.4,684.6
1739981577283,392.4,684.6
1739981577289,196.8,684.6
1739981577294,196.8,684.6
1739981577299,393.5,684.6
1739981577304,196.8,684.6
1739981577310,196.1,684.6
1739981577315,194.2,684.6
1739981577321,197.0,684.6
1739981577326,196.7,684.6
1739981577331,196.5,684.6
1739981577336,393.0,684.6
1739981577342,196.5,684.6
1739981577347,193.4,684.6
1739981577353,195.8,684.6
1739981577358,196.0,684.6
1739981577364,392.6,684.6
1739981577369,196.5,684.6
1739981577374,196.6,684.6
1739981577379,193.0,684.6
1739981577385,196.0,684.6
1739981577390,196.1,684.6
1739981577396,393.3,684.6
1739981577401,196.6,684.6
1739981577406,196.7,684.6
1739981577412,393.4,684.6
1739981577417,196.9,684.6
1739981577422,386.2,684.6
1739981577428,392.8,684.6
1739981577433,197.0,684.6
1739981577438,196.9,684.6
1739981577444,197.8,684.6
1739981577449,393.9,684.6
1739981577454,196.8,684.6
1739981577459,196.6,684.6
1739981577465,196.6,684.6
1739981577470,196.7,684.6
1739981577475,392.5,684.6
1739981577481,196.8,684.6
1739981577486,393.5,684.6
1739981577491,0.0,684.6
1739981577496,386.7,684.6
1739981577502,196.7,684.6
1739981577507,590.2,684.6
1739981577512,196.8,684.6
1739981577518,196.7,684.6
1739981577523,196.9,684.6
1739981577528,393.8,684.6
1739981577533,196.7,684.6
1739981577539,196.0,684.6
1739981577544,196.9,684.6
1739981577549,395.2,684.6
1739981577555,198.0,684.6
1739981577560,196.7,684.6
1739981577565,196.7,684.6
1739981577570,196.8,684.6
1739981577576,590.5,684.6
1739981577581,196.7,684.6
1739981577586,196.8,684.6
1739981577592,393.2,684.6
1739981577597,197.4,684.6
1739981577602,393.5,684.6
1739981577607,196.5,684.6
1739981577613,196.6,684.6
1739981577618,393.5,684.6
1739981577623,196.8,684.6
1739981577629,392.8,684.6
1739981577634,198.2,684.6
1739981577639,0.0,684.6
1739981577645,196.5,684.6
1739981577650,196.6,684.6
1739981577655,393.2,684.6
1739981577660,394.9,684.6
1739981577666,196.6,684.6
1739981577671,196.5,684.6
1739981577676,196.6,684.6
1739981577682,393.7,684.6
1739981577687,196.7,684.6
1739981577692,393.4,684.6
1739981577697,196.7,684.6
1739981577703,393.6,684.6
1739981577708,196.7,684.6
1739981577713,393.3,684.6
1739981577719,196.4,684.6
1739981577724,393.3,684.6
1739981577729,196.7,684.6
1739981577735,589.0,684.6
1739981577740,196.6,684.6
1739981577745,393.7,684.6
1739981577751,393.4,684.6
1739981577756,196.8,684.6
1739981577761,393.7,684.6
1739981577766,196.8,684.6
1739981577772,393.1,684.6
1739981577777,196.6,684.6
1739981577782,393.8,684.6
1739981577788,196.4,684.6
1739981577793,588.9,684.6
1739981577798,393.6,684.6
1739981577804,196.8,684.6
1739981577809,196.8,684.6
1739981577814,393.3,684.6
1739981577819,196.3,684.6
1739981577825,393.0,684.6
1739981577830,196.7,684.6
1739981577835,590.2,684.6
1739981577841,0.0,684.6
1739981577846,195.9,684.6
1739981577851,391.8,684.6
1739981577857,393.0,684.6
1739981577862,196.8,684.6
1739981577867,196.5,684.6
1739981577873,196.4,684.6
1739981577878,392.7,684.6
1739981577883,393.4,684.6
1739981577889,196.6,684.6
1739981577894,393.4,684.6
1739981577899,196.7,684.6
1739981577905,196.4,684.6
1739981577910,393.1,684.6
1739981577915,196.6,684.6
1739981577921,197.3,684.6
1739981577926,196.6,684.6
1739981577931,196.5,684.6
1739981577936,393.3,684.6
1739981577942,387.0,684.6
1739981577947,196.7,684.6
1739981577953,393.5,684.6
1739981577958,0.0,684.6
1739981577963,196.3,684.6
1739981577968,393.4,684.6
1739981577974,196.8,684.6
1739981577979,393.6,684.6
1739981577984,196.8,684.6
1739981577990,196.1,684.6
1739981577995,393.0,684.6
1739981578000,196.8,684.6
1739981578006,197.8,684.6
1739981578011,196.7,684.6
1739981578016,393.4,684.6
1739981578021,196.6,684.6
1739981578027,196.8,684.6
1739981578032,392.8,684.6
1739981578037,196.4,684.6
1739981578043,391.5,684.6
1739981578048,194.3,684.6
1739981578054,198.3,684.6
1739981578059,392.6,684.6
1739981578064,196.8,684.6
1739981578069,393.9,684.6
1739981578075,196.9,684.6
1739981578080,196.5,684.6
1739981578085,196.7,684.6
1739981578091,196.4,684.6
1739981578096,393.1,684.6
1739981578101,0.0,684.6
1739981578107,392.7,684.6
1739981578112,196.5,684.6
1739981578117,393.7,684.6
1739981578122,196.3,684.6
1739981578128,196.9,684.6
1739981578133,393.8,684.6
1739981578138,196.8,684.6
1739981578143,196.7,684.6
1739981578149,393.5,684.6
1739981578154,196.0,684.6
1739981578159,195.8,684.6
1739981578165,196.4,684.6
1739981578170,196.2,684.6
1739981578175,196.8,684.6
1739981578181,196.8,684.6
1739981578186,196.7,684.6
1739981578191,196.7,684.6
1739981578197,393.4,684.6
1739981578202,0.0,684.6
1739981578207,393.0,684.6
1739981578213,196.5,684.6
1739981578218,196.9,684.6
1739981578223,393.0,684.6
1739981578228,196.2,684.6
1739981578234,196.8,684.6
1739981578239,196.5,684.6
1739981578244,386.1,684.6
1739981578250,196.5,684.6
1739981578255,392.7,684.6
1739981578261,0.0,684.6
1739981578266,392.7,684.6
1739981578271,196.9,684.6
1739981578276,393.7,684.6
1739981578282,196.7,684.6
1739981578287,196.3,684.6
1739981578292,390.5,684.6
1739981578298,195.2,684.6
1739981578303,196.8,684.6
1739981578309,397.4,684.6
1739981578314,196.7,684.6
1739981578319,196.8,684.6
1739981578324,196.8,684.6
1739981578330,196.4,684.6
1739981578335,196.3,684.6
1739981578340,393.3,684.6
1739981578346,395.8,684.6
1739981578351,196.5,684.6
1739981578356,196.7,684.6
1739981578362,193.4,684.6
1739981578367,196.8,684.6
1739981578372,196.8,684.6
1739981578378,393.6,684.6
1739981578383,194.0,684.6
1739981578388,196.7,684.6
1739981578394,196.4,684.6
1739981578399,390.8,684.6
1739981578404,196.4,684.6
1739981578410,198.4,684.6
1739981578415,393.6,684.6
1739981578420,196.8,684.6
1739981578425,196.6,684.6
1739981578431,393.2,684.6
1739981578436,195.8,684.6
1739981578442,193.0,684.6
1739981578447,392.9,684.6
1739981578452,196.2,684.6
1739981578458,196.6,684.6
1739981578463,196.8,684.6
1739981578468,393.6,684.6
1739981578474,393.6,684.6
1739981578479,0.0,684.6
1739981578484,393.5,684.6
1739981578489,196.9,684.6
1739981578495,393.0,684.6
1739981578500,196.6,684.6
1739981578505,393.1,684.6
1739981578511,196.6,684.6
1739981578516,393.5,684.6
1739981578521,196.1,684.6
1739981578527,0.0,684.6
1739981578532,393.1,684.6
1739981578537,196.3,684.6
1739981578543,393.0,684.6
1739981578548,196.2,684.6
1739981578553,196.6,684.6
1739981578559,196.7,684.6
1739981578564,393.3,684.6
1739981578569,196.3,684.6
1739981578575,196.6,684.6
1739981578580,195.1,684.6
1739981578586,392.8,684.6
1739981578591,196.8,684.6
1739981578596,393.6,684.6
1739981578601,391.6,684.6
1739981578607,196.6,684.6
1739981578612,196.2,684.6
1739981578617,196.7,684.6
1739981578623,196.7,684.6
1739981578628,196.2,684.6
1739981578633,198.0,684.6
1739981578639,393.2,684.6
1739981578644,393.2,684.6
1739981578649,196.5,684.6
1739981578655,196.5,684.6
1739981578660,196.8,684.6
1739981578665,393.5,684.6
1739981578671,393.4,684.6
1739981578676,196.5,684.6
1739981578681,196.9,684.6
1739981578687,196.8,684.6
1739981578692,198.2,684.6
1739981578697,196.9,684.6
1739981578702,197.0,684.6
1739981578708,593.0,684.6
1739981578713,393.1,684.6
1739981578718,197.0,684.6
1739981578723,393.5,684.6
1739981578729,196.8,684.6
1739981578734,196.5,684.6
1739981578739,196.5,684.6
1739981578745,392.7,684.6
1739981578750,196.6,684.6
1739981578755,393.1,684.6
1739981578761,196.8,684.6
1739981578766,196.8,684.6
1739981578771,392.9,684.6
1739981578777,394.5,684.6
1739981578782,196.5,684.6
1739981578787,196.5,684.6
1739981578793,196.7,684.6
1739981578798,196.7,684.6
1739981578803,392.8,684.6
1739981578808,393.4,684.6
1739981578814,197.6,684.6
1739981578819,196.4,684.6
1739981578825,196.2,684.6
1739981578830,392.6,684.6
1739981578835,196.7,684.6
1739981578841,198.2,684.6
1739981578846,393.8,684.6
1739981578851,393.8,684.6
1739981578856,196.8,684.6
1739981578862,196.6,684.6
1739981578867,195.8,684.6
1739981578872,393.2,684.6
1739981578878,196.7,684.6
1739981578883,196.9,684.6
1739981578888,393.7,684.6
1739981578894,394.5,684.6
1739981578899,196.6,684.6
1739981578904,392.9,684.6
1739981578909,198.4,684.6
1739981578915,393.6,684.6
1739981578920,0.0,684.6
1739981578925,196.5,684.6
1739981578931,196.7,684.6
1739981578936,392.6,684.6
1739981578941,196.2,684.6
1739981578947,196.5,684.6
1739981578952,392.7,684.6
1739981578957,393.2,684.6
1739981578963,196.3,684.6
1739981578968,196.3,684.6
1739981578973,392.7,684.6
1739981578979,196.3,684.6
1739981578984,196.4,684.6
1739981578989,196.4,684.6
1739981578995,388.4,684.6
1739981579000,385.7,684.6
1739981579006,195.0,684.6
1739981579011,196.7,684.6
1739981579017,196.6,684.6
1739981579022,196.5,684.6
1739981579027,195.2,684.6
1739981579033,194.6,684.6
1739981579038,192.8,684.6
1739981579044,392.9,684.6
1739981579049,196.8,684.6
1739981579054,196.8,684.6
1739981579060,196.9,684.6
1739981579065,196.7,684.6
1739981579070,393.3,684.6
1739981579076,196.6,684.6
1739981579081,196.9,684.6
1739981579086,392.9,684.6
1739981579091,196.0,684.6
1739981579097,196.9,684.6
1739981579102,383.9,684.6
1739981579108,0.0,684.6
1739981579113,196.9,684.6
1739981579118,196.7,684.6
1739981579123,393.4,684.6
1739981579129,196.0,684.6
1739981579134,393.2,684.6
1739981579139,196.6,684.6
1739981579145,393.1,684.6
1739981579150,196.8,684.6
1739981579155,393.7,684.6
1739981579161,197.9,684.6
1739981579166,196.3,684.6
1739981579171,393.7,684.6
1739981579177,393.4,684.6
1739981579182,196.7,684.6
1739981579187,196.8,684.6
1739981579192,393.3,684.6
1739981579198,196.3,684.6
1739981579203,392.6,684.6
1739981579209,196.9,684.6
1739981579214,196.4,684.6
1739981579219,196.0,684.6
1739981579225,392.4,684.6
1739981579230,391.9,684.6
1739981579235,392.5,684.6
1739981579241,196.5,684.6
1739981579246,196.7,684.6
1739981579251,393.5,684.6
1739981579257,196.3,684.6
1739981579262,387.5,684.6
1739981579267,389.0,684.6
1739981579273,196.5,684.6
1739981579278,0.0,684.6
1739981579283,196.3,684.6
1739981579289,391.9,684.6
1739981579294,195.2,684.6
1739981579299,195.9,684.6
1739981579305,393.2,684.6
1739981579310,196.7,684.6
1739981579315,392.2,684.6
1739981579321,196.6,684.6
1739981579326,196.7,684.6
1739981579331,392.5,684.6
1739981579337,196.2,684.6
1739981579342,196.2,684.6
1739981579348,195.7,684.6
1739981579353,393.4,684.6
1739981579358,196.5,684.6
1739981579364,196.8,684.6
1739981579369,196.8,684.6
1739981579374,393.4,684.6
1739981579379,392.6,684.6
1739981579385,0.0,684.6
1739981579390,394.0,684.6
1739981579395,196.4,684.6
1739981579401,392.9,684.6
1739981579406,196.7,684.6
1739981579411,392.9,684.6
1739981579417,395.6,684.6
1739981579422,196.7,684.6
1739981579427,196.0,684.6
1739981579433,388.4,684.6
1739981579438,196.2,684.6
1739981579443,196.3,684.6
1739981579449,196.5,684.6
1739981579454,196.7,684.6
1739981579459,393.1,684.6
1739981579465,395.9,684.6
1739981579470,196.8,684.6
1739981579475,196.8,684.6
1739981579480,385.5,684.6
1739981579486,196.9,684.6
1739981579491,196.6,684.6
1739981579496,393.5,684.6
1739981579502,195.8,684.6
1739981579507,196.3,684.6
1739981579512,196.5,684.6
1739981579518,196.5,684.6
1739981579523,393.6,684.6
1739981579528,196.8,684.6
1739981579534,196.2,684.6
1739981579539,196.7,684.6
1739981579544,392.5,684.6
1739981579550,198.3,684.6
1739981579555,196.6,684.6
1739981579560,196.8,684.6
1739981579565,196.3,684.6
1739981579571,196.8,684.6
1739981579576,196.8,684.6
1739981579581,196.7,684.6
1739981579587,393.0,684.6
1739981579592,198.1,684.6
1739981579597,392.7,684.6
1739981579603,197.5,684.6
1739981579608,196.6,684.6
1739981579613,196.8,684.6
1739981579619,393.5,684.6
1739981579624,0.0,684.6
1739981579629,393.1,684.6
1739981579634,393.1,684.6
1739981579640,196.8,684.6
1739981579645,393.6,684.6
1739981579650,0.0,684.6
1739981579656,196.4,684.6
1739981579661,389.3,684.6
1739981579666,196.7,684.6
1739981579672,196.4,684.6
1739981579677,196.7,684.6
1739981579682,196.6,684.6
1739981579688,196.5,684.6
1739981579693,196.4,684.6
1739981579698,196.7,684.6
1739981579704,396.0,684.6
1739981579709,194.4,684.6
1739981579714,197.4,684.6
1739981579720,392.6,684.6
1739981579725,196.5,684.6
1739981579730,393.7,684.6
1739981579735,196.8,684.6
1739981579741,196.6,684.6
1739981579746,197.0,684.6
1739981579751,393.9,684.6
1739981579757,196.7,684.6
1739981579762,392.6,684.6
1739981579767,196.0,684.6
1739981579773,196.3,684.6
1739981579778,196.5,684.6
1739981579783,196.4,684.6
1739981579788,196.6,684.6
1739981579794,393.4,684.6
1739981579799,393.6,684.6
1739981579804,196.6,684.6
1739981579810,196.7,684.6
1739981579815,392.8,684.6
1739981579820,194.8,684.6
1739981579826,196.4,684.6
1739981579831,393.1,684.6
1739981579836,196.3,0.0
1739981579842,0.0,0.0
1739981579847,195.6,0.0
1739981579853,0.0,0.0
1739981579858,195.9,0.0
1739981579863,0.0,0.0
1739981579869,193.3,0.0
1739981579875,193.5,0.0
1739981579880,0.0,0.0
1739981579886,193.3,0.0
1739981579892,0.0,0.0
